Fx_N,Fy_N,Fz_N,Fx_BW,Fy_BW,Fz_BW
0.0,0.0,0.0,0.0,0.0,0.0
0.0,0.0,0.0,0.0,0.0,0.0
0.0,0.0,0.0,0.0,0.0,0.0
0.0,0.0,0.0,0.0,0.0,0.0
0.0,0.0,0.0,0.0,0.0,0.0
0.0,0.0,0.0,0.0,0.0,0.0
0.0,0.0,0.0,0.0,0.0,0.0
0.0,0.0,0.0,0.0,0.0,0.0
0.0,0.0,0.0,0.0,0.0,0.0
0.0,0.0,0.0,0.0,0.0,0.0
0.0,0.0,0.0,0.0,0.0,0.0
0.0,0.0,0.0,0.0,0.0,0.0
0.0,0.0,0.0,0.0,0.0,0.0
0.0,0.0,0.0,0.0,0.0,0.0
0.0,0.0,0.0,0.0,0.0,0.0
0.0,0.0,0.0,0.0,0.0,0.0
0.0,0.0,0.0,0.0,0.0,0.0
0.0,0.0,0.0,0.0,0.0,0.0
0.0,0.0,0.0,0.0,0.0,0.0
0.0,0.0,0.0,0.0,0.0,0.0
0.0,0.0,0.0,0.0,0.0,0.0
0.0,0.0,0.0,0.0,0.0,0.0
0.0,0.0,0.0,0.0,0.0,0.0
0.0,0.0,0.0,0.0,0.0,0.0
0.0,0.0,0.0,0.0,0.0,0.0
0.0,0.0,0.0,0.0,0.0,0.0
0.0,0.0,0.0,0.0,0.0,0.0
0.0,0.0,0.0,0.0,0.0,0.0
0.0,0.0,0.0,0.0,0.0,0.0
0.0,0.0,0.0,0.0,0.0,0.0
0.0,0.0,0.0,0.0,0.0,0.0
0.0,0.0,0.0,0.0,0.0,0.0
0.0,0.0,0.0,0.0,0.0,0.0
0.0,0.0,0.0,0.0,0.0,0.0
0.0,0.0,0.0,0.0,0.0,0.0
0.0,0.0,0.0,0.0,0.0,0.0
0.0,0.0,0.0,0.0,0.0,0.0
0.0,0.0,0.0,0.0,0.0,0.0
0.0,0.0,0.0,0.0,0.0,0.0
0.0,0.0,0.0,0.0,0.0,0.0
0.0,0.0,0.0,0.0,0.0,0.0
0.0,0.0,0.0,0.0,0.0,0.0
0.0,0.0,0.0,0.0,0.0,0.0
0.0,0.0,0.0,0.0,0.0,0.0
0.0,0.0,0.0,0.0,0.0,0.0
0.0,0.0,0.0,0.0,0.0,0.0
0.0,0.0,0.0,0.0,0.0,0.0
0.0,0.0,0.0,0.0,0.0,0.0
0.0,0.0,0.0,0.0,0.0,0.0
0.0,0.0,0.0,0.0,0.0,0.0
0.0,0.0,0.0,0.0,0.0,0.0
0.0,0.0,0.0,0.0,0.0,0.0
0.0,0.0,0.0,0.0,0.0,0.0
0.0,0.0,0.0,0.0,0.0,0.0
0.0,0.0,0.0,0.0,0.0,0.0
0.0,0.0,0.0,0.0,0.0,0.0
0.0,0.0,0.0,0.0,0.0,0.0
0.0,0.0,0.0,0.0,0.0,0.0
0.0,0.0,0.0,0.0,0.0,0.0
0.0,0.0,0.0,0.0,0.0,0.0
0.0,0.0,0.0,0.0,0.0,0.0
0.0,0.0,0.0,0.0,0.0,0.0
0.0,0.0,0.0,0.0,0.0,0.0
0.0,0.0,0.0,0.0,0.0,0.0
0.0,0.0,0.0,0.0,0.0,0.0
0.0,0.0,0.0,0.0,0.0,0.0
0.0,0.0,0.0,0.0,0.0,0.0
0.0,0.0,0.0,0.0,0.0,0.0
0.0,0.0,0.0,0.0,0.0,0.0
0.0,0.0,0.0,0.0,0.0,0.0
0.0,0.0,0.0,0.0,0.0,0.0
0.0,0.0,0.0,0.0,0.0,0.0
0.0,0.0,0.0,0.0,0.0,0.0
0.0,0.0,0.0,0.0,0.0,0.0
0.0,0.0,0.0,0.0,0.0,0.0
0.0,0.0,0.0,0.0,0.0,0.0
0.0,0.0,0.0,0.0,0.0,0.0
0.0,0.0,0.0,0.0,0.0,0.0
0.0,0.0,0.0,0.0,0.0,0.0
0.0,0.0,0.0,0.0,0.0,0.0
0.0,0.0,0.0,0.0,0.0,0.0
0.0,0.0,0.0,0.0,0.0,0.0
0.0,0.0,0.0,0.0,0.0,0.0
0.0,0.0,0.0,0.0,0.0,0.0
0.0,0.0,0.0,0.0,0.0,0.0
0.0,0.0,0.0,0.0,0.0,0.0
0.0,0.0,0.0,0.0,0.0,0.0
0.0,0.0,0.0,0.0,0.0,0.0
0.0,0.0,0.0,0.0,0.0,0.0
0.0,0.0,0.0,0.0,0.0,0.0
0.0,0.0,0.0,0.0,0.0,0.0
0.0,0.0,0.0,0.0,0.0,0.0
0.0,0.0,0.0,0.0,0.0,0.0
0.0,0.0,0.0,0.0,0.0,0.0
0.0,0.0,0.0,0.0,0.0,0.0
0.0,0.0,0.0,0.0,0.0,0.0
0.0,0.0,0.0,0.0,0.0,0.0
0.0,0.0,0.0,0.0,0.0,0.0
0.0,0.0,0.0,0.0,0.0,0.0
0.0,0.0,0.0,0.0,0.0,0.0
0.0,0.0,0.0,0.0,0.0,0.0
0.0,0.0,0.0,0.0,0.0,0.0
0.0,0.0,0.0,0.0,0.0,0.0
0.0,0.0,0.0,0.0,0.0,0.0
0.0,0.0,0.0,0.0,0.0,0.0
0.0,0.0,0.0,0.0,0.0,0.0
0.0,0.0,0.0,0.0,0.0,0.0
0.0,0.0,0.0,0.0,0.0,0.0
0.0,0.0,0.0,0.0,0.0,0.0
0.0,0.0,0.0,0.0,0.0,0.0
0.0,0.0,0.0,0.0,0.0,0.0
0.0,0.0,0.0,0.0,0.0,0.0
0.0,0.0,0.0,0.0,0.0,0.0
0.0,0.0,0.0,0.0,0.0,0.0
0.0,0.0,0.0,0.0,0.0,0.0
0.0,0.0,0.0,0.0,0.0,0.0
0.0,0.0,0.0,0.0,0.0,0.0
0.0,0.0,0.0,0.0,0.0,0.0
0.0,0.0,0.0,0.0,0.0,0.0
0.0,0.0,0.0,0.0,0.0,0.0
0.0,0.0,0.0,0.0,0.0,0.0
0.0,0.0,0.0,0.0,0.0,0.0
0.0,0.0,0.0,0.0,0.0,0.0
0.0,0.0,0.0,0.0,0.0,0.0
0.0,0.0,0.0,0.0,0.0,0.0
0.0,0.0,0.0,0.0,0.0,0.0
0.0,0.0,0.0,0.0,0.0,0.0
0.0,0.0,0.0,0.0,0.0,0.0
0.0,0.0,0.0,0.0,0.0,0.0
0.0,0.0,0.0,0.0,0.0,0.0
0.0,0.0,0.0,0.0,0.0,0.0
0.0,0.0,0.0,0.0,0.0,0.0
0.0,0.0,0.0,0.0,0.0,0.0
0.0,0.0,0.0,0.0,0.0,0.0
0.0,0.0,0.0,0.0,0.0,0.0
0.0,0.0,0.0,0.0,0.0,0.0
0.0,0.0,0.0,0.0,0.0,0.0
0.0,0.0,0.0,0.0,0.0,0.0
0.0,0.0,0.0,0.0,0.0,0.0
0.0,0.0,0.0,0.0,0.0,0.0
0.0,0.0,0.0,0.0,0.0,0.0
0.0,0.0,0.0,0.0,0.0,0.0
0.0,0.0,0.0,0.0,0.0,0.0
0.0,0.0,0.0,0.0,0.0,0.0
0.0,0.0,0.0,0.0,0.0,0.0
0.0,0.0,0.0,0.0,0.0,0.0
0.0,0.0,0.0,0.0,0.0,0.0
0.0,0.0,0.0,0.0,0.0,0.0
0.0,0.0,0.0,0.0,0.0,0.0
0.0,0.0,0.0,0.0,0.0,0.0
0.0,0.0,0.0,0.0,0.0,0.0
0.0,0.0,0.0,0.0,0.0,0.0
0.0,0.0,0.0,0.0,0.0,0.0
0.0,0.0,0.0,0.0,0.0,0.0
0.0,0.0,0.0,0.0,0.0,0.0
0.0,0.0,0.0,0.0,0.0,0.0
0.0,0.0,0.0,0.0,0.0,0.0
0.0,0.0,0.0,0.0,0.0,0.0
0.0,0.0,0.0,0.0,0.0,0.0
0.0,0.0,0.0,0.0,0.0,0.0
0.0,0.0,0.0,0.0,0.0,0.0
0.0,0.0,0.0,0.0,0.0,0.0
0.0,0.0,0.0,0.0,0.0,0.0
0.0,0.0,0.0,0.0,0.0,0.0
0.0,0.0,0.0,0.0,0.0,0.0
0.0,0.0,0.0,0.0,0.0,0.0
0.0,0.0,0.0,0.0,0.0,0.0
0.0,0.0,0.0,0.0,0.0,0.0
0.0,0.0,0.0,0.0,0.0,0.0
0.0,0.0,0.0,0.0,0.0,0.0
0.0,0.0,0.0,0.0,0.0,0.0
0.0,0.0,0.0,0.0,0.0,0.0
0.0,0.0,0.0,0.0,0.0,0.0
0.0,0.0,0.0,0.0,0.0,0.0
0.0,0.0,0.0,0.0,0.0,0.0
0.0,0.0,0.0,0.0,0.0,0.0
0.0,0.0,0.0,0.0,0.0,0.0
0.0,0.0,0.0,0.0,0.0,0.0
0.0,0.0,0.0,0.0,0.0,0.0
0.0,0.0,0.0,0.0,0.0,0.0
0.0,0.0,0.0,0.0,0.0,0.0
0.0,0.0,0.0,0.0,0.0,0.0
0.0,0.0,0.0,0.0,0.0,0.0
0.0,0.0,0.0,0.0,0.0,0.0
0.0,0.0,0.0,0.0,0.0,0.0
0.0,0.0,0.0,0.0,0.0,0.0
0.0,0.0,0.0,0.0,0.0,0.0
0.0,0.0,0.0,0.0,0.0,0.0
0.0,0.0,0.0,0.0,0.0,0.0
0.0,0.0,0.0,0.0,0.0,0.0
0.0,0.0,0.0,0.0,0.0,0.0
0.0,0.0,0.0,0.0,0.0,0.0
0.0,0.0,0.0,0.0,0.0,0.0
0.0,0.0,0.0,0.0,0.0,0.0
0.0,0.0,0.0,0.0,0.0,0.0
0.0,0.0,0.0,0.0,0.0,0.0
0.0,0.0,0.0,0.0,0.0,0.0
0.0,0.0,0.0,0.0,0.0,0.0
0.0,0.0,0.0,0.0,0.0,0.0
0.0,0.0,0.0,0.0,0.0,0.0
0.0,0.0,0.0,0.0,0.0,0.0
-6.9385,-25.3536,39.2829,-0.00943051308188923,-0.03445953109072375,0.053391641182466865
-12.8464,-34.9265,72.0127,-0.017460278627251104,-0.0474706082229018,0.09787658851512061
-18.4787,-40.3937,112.054,-0.025115460414542982,-0.05490139313625553,0.15229901461094122
-22.6827,-39.9982,157.899,-0.03082935779816514,-0.05436384641522256,0.21460958205912334
-24.7285,-33.7942,208.591,-0.03360992184845396,-0.045931634386680256,0.28350798504926944
-24.5801,-23.9284,264.137,-0.033408222901800885,-0.03252246007475365,0.35900373768263677
-22.8561,-14.0857,325.23,-0.031065035677879715,-0.019144682296975874,0.44203873598369015
-20.4845,-8.23001,392.411,-0.027841658171933403,-0.01118587835541964,0.5333482840638804
-18.2337,-9.15197,465.151,-0.024782466870540264,-0.01243896704043493,0.6322133876996262
-16.3834,-17.4703,541.437,-0.02226761807679239,-0.023744886170574245,0.7358980632008155
-14.7128,-31.5208,618.115,-0.019997009853890586,-0.04284172612979953,0.8401155283724091
-12.7905,-48.1175,691.771,-0.017384301732925586,-0.06539925246347264,0.9402256201155283
-10.3727,-63.7646,759.641,-0.014098131158681618,-0.08666612300373769,1.0324716275908936
-7.6705,-75.7686,820.115,-0.010425416241930004,-0.10298144750254842,1.1146653075093442
-5.35202,-82.8641,872.725,-0.0072742371729527695,-0.11262534828406387,1.1861705742439688
-4.30841,-85.2541,917.762,-0.005855806999660211,-0.11587373428474346,1.2473829425756031
-5.31594,-84.1981,955.797,-0.007225198776758411,-0.11443846415222561,1.2990784913353721
-8.74039,-81.3968,987.275,-0.011879565069656811,-0.11063105674481821,1.3418620455317702
-14.3843,-78.4143,1012.31,-0.01955052667346245,-0.10657737003058104,1.3758885490995583
-21.5141,-76.3091,1030.7,-0.029241046551138294,-0.10371607203533809,1.4008834522595992
-29.0474,-75.5266,1042.13,-0.03947998640842677,-0.10265253143051309,1.4164186204553177
-35.8288,-75.9962,1046.41,-0.04869697587495753,-0.10329079170914034,1.422235813795447
-40.9036,-77.3177,1043.72,-0.05559442745497791,-0.10508691811077132,1.4185796805980293
-43.7122,-78.9403,1034.59,-0.059411756710839286,-0.10729228678219503,1.4061705742439685
-44.167,-80.2959,1019.82,-0.060029901461094125,-0.10913476044852193,1.3860958205912335
-42.6051,-80.8966,1000.32,-0.057907033639143735,-0.10995120625212369,1.359592252803262
-39.6493,-80.4066,976.973,-0.053889636425416235,-0.10928521916411825,1.3278600067957866
-36.0278,-78.6827,950.558,-0.04896744818212708,-0.10694216785592932,1.2919578661230038
-32.4055,-75.7712,921.688,-0.04404417261297996,-0.1029849813115868,1.2527189942235815
-29.2655,-71.8647,890.813,-0.03977641862045532,-0.09767543323139653,1.2107550118926265
-26.8567,-67.2415,858.254,-0.03650248046211349,-0.09139177709819912,1.1665022086306491
-25.2065,-62.2082,824.282,-0.03425959904858987,-0.08455073054706082,1.1203289160720353
-24.1766,-57.0541,789.17,-0.03285980292218824,-0.07754549779136935,1.0726061841658172
-23.5385,-52.0147,753.201,-0.03199252463472647,-0.07069616038056405,1.0237186544342507
-23.047,-47.2425,716.656,-0.031324498810737345,-0.06420998980632008,0.9740482500849472
-22.4983,-42.7971,679.801,-0.0305787291879035,-0.05816799184505607,0.9239565069656813
-21.7653,-38.6588,642.901,-0.029582466870540267,-0.052543391097519536,0.8738036017669044
-20.8072,-34.7593,606.243,-0.02828025823989127,-0.04724335711858648,0.8239796126401632
-19.6546,-31.0148,570.131,-0.026713693510023784,-0.042153992524634726,0.7748977234114849
-18.38,-27.3519,534.877,-0.02498131158681617,-0.03717553516819572,0.7269819911654773
-17.0684,-23.7282,500.791,-0.023198640842677542,-0.032250356778797146,0.6806537546721033
-15.7961,-20.1475,468.185,-0.021469384981311585,-0.027383622154264358,0.6363370710159701
-14.6215,-16.6675,437.359,-0.019872918790349983,-0.0226537546721033,0.5944396873938158
-13.5811,-13.3915,408.575,-0.01845885151206252,-0.018201155283724093,0.555317703024125
-12.6892,-10.4465,382.028,-0.01724661909616038,-0.014198436969079171,0.5192361535847775
-11.9399,-7.95309,357.822,-0.016228202514441046,-0.010809500509683996,0.4863363914373089
-11.3121,-6.00144,335.986,-0.01537492354740061,-0.00815690112130479,0.4566578321440707
-10.7791,-4.63589,316.472,-0.014650492694529392,-0.006300903839619436,0.43013523615358473
-10.3186,-3.84738,299.162,-0.014024600747536527,-0.0052291946992864425,0.4066082229018009
-9.91876,-3.57127,283.863,-0.013481155283724093,-0.004853917770981991,0.3858144750254842
-9.57712,-3.69394,270.334,-0.013016812776078832,-0.005020645599728169,0.36742643560992183
-9.29501,-4.07082,258.329,-0.012633380903839619,-0.005532884811416922,0.3511097519537887
-9.07,-4.55245,247.646,-0.012327556914712878,-0.006187495752633367,0.3365898742779477
-8.88727,-5.00998,238.155,-0.012079198097179748,-0.006809351002378525,0.3236901121304791
-8.71147,-5.35424,229.802,-0.011840258239891268,-0.00727725450220863,0.3123370710159701
-8.48234,-5.54687,222.614,-0.01152883452259599,-0.007539068977234115,0.3025674481821271
-8.11874,-5.60321,216.681,-0.011034644920149508,-0.007615643900781515,0.2945035677879715
-7.53418,-5.58589,212.138,-0.010240135915732246,-0.007592103295956507,0.28832891607203537
-6.66208,-5.58839,209.142,-0.009054814814814814,-0.007595501189262658,0.28425688073394495
-5.4838,-5.71067,207.854,-0.007453346924906557,-0.007761698946653075,0.2825062861026164
-4.04922,-6.03165,208.436,-0.005503527013251784,-0.00819796126401631,0.2832973156642882
-2.48152,-6.58501,211.042,-0.003372776078831125,-0.008950064559972817,0.2868392796466191
-0.962752,-7.34377,215.81,-0.001308531430513082,-0.009981338769962622,0.2933197417601087
0.298281,-8.21784,222.837,0.0004054108053007136,-0.011169337410805301,0.3028705402650357
1.1096,-9.06749,232.165,0.001508120965001699,-0.012324145429833502,0.31554875976894325
1.33967,-9.73315,243.787,0.0018208222901800882,-0.013228882093102277,0.3313448861705742
0.948161,-10.0769,257.672,0.0012886999660210669,-0.013696092422697927,0.3502167855929324
-0.00549021,-10.0251,273.784,-7.462059123343526e-06,-0.013625688073394496,0.3721155283724091
-1.37805,-9.59781,292.1,-0.001872986748216106,-0.013044933741080532,0.39700985389058785
-2.97804,-8.91297,312.614,-0.004047624872579001,-0.012114128440366972,0.42489160720353375
-4.61015,-8.15721,335.322,-0.006265919130139313,-0.011086931702344545,0.4557553516819572
-6.11503,-7.52877,360.202,-0.00831128780156303,-0.010232782874617737,0.48957118586476384
-7.39282,-7.17044,387.181,-0.01004800543662929,-0.009745756031260619,0.5262398912674142
-8.40626,-7.1195,416.098,-0.011425429833503227,-0.009676520557254502,0.5655426435609922
-9.16764,-7.29673,446.694,-0.01246026503567788,-0.0099174040095141,0.6071274209989806
-9.71803,-7.53838,478.632,-0.01320833163438668,-0.010245844376486579,0.6505361875637105
-10.1076,-7.65419,511.524,-0.013737818552497451,-0.01040324838600068,0.6952415902140673
-10.3826,-7.4831,544.972,-0.014111586816173973,-0.010170710159700986,0.7407026843357118
-10.5812,-6.92338,578.598,-0.014381515460414544,-0.009409962623173632,0.7864057084607543
-10.7376,-5.93113,612.067,-0.0145940876656473,-0.008061338769962623,0.8318953448861706
-10.8905,-4.4989,645.104,-0.014801902820251444,-0.00611471287801563,0.8767978253482841
-11.0911,-2.63315,677.506,-0.015074549779136937,-0.003578865103635746,0.9208372409106353
-11.4056,-0.343745,709.137,-0.015502004757050629,-0.00046720353380903844,0.9638287461773699
-11.91,2.35183,739.906,-0.01618756371049949,0.0031965069656812776,1.005648657832144
-12.6778,5.41625,769.738,-0.017231124702684335,0.00736153584777438,1.046195039075773
-13.7658,8.78287,798.532,-0.018709887869520898,0.011937302072714918,1.0853306150186885
-15.2014,12.357,826.12,-0.02066109412164458,0.016795107033639144,1.122827047230717
-16.9752,16.0283,852.24,-0.02307196738022426,0.021784981311586817,1.158328236493374
-19.0394,19.6871,876.532,-0.025877539925246346,0.026757866123003737,1.1913448861705742
-21.3107,23.236,898.562,-0.028964593951749915,0.0315813795446823,1.2212871219843697
-23.6759,26.5952,917.886,-0.03217927285083248,0.036147060822290175,1.2475514780835881
-26.0016,29.7018,934.106,-0.03534026503567788,0.040369418960244645,1.2695970098538907
-28.1446,32.5093,946.928,-0.03825293917770982,0.044185253143051315,1.2870241250424737
-29.9654,34.9887,956.184,-0.040727692830445125,0.047555147808358816,1.2996044852191642
-22.39651,21.392000000000003,984.0367,-0.03044038056405029,0.029075093442065922,1.3374606863744478
-13.882299999999997,11.479300000000002,1004.5849000000001,-0.01886822969758749,0.015602174651715938,1.365388922867822
-4.5669,2.5663000000000054,1023.794,-0.006207135575942916,0.003488005436629297,1.3914971117906898
3.221200000000003,-2.1144999999999996,1039.6376,0.0043781175671083975,-0.0028739381583418274,1.4130310567448183
7.2585000000000015,0.12390000000000612,1050.795,0.009865443425076455,0.00016839959225281158,1.4281957186544343
6.184100000000001,10.444099999999999,1057.444,0.008405164797825349,0.014195174991505265,1.4372327556914712
0.04940000000000211,27.8646,1061.576,6.714237172953055e-05,0.037872375127421,1.4428487937478764
-9.5868,49.29475,1066.5620000000001,-0.013029969418960246,0.06699932042133877,1.4496255521576624
-20.09041,70.2865,1076.0230000000001,-0.02730602786272511,0.09553041114509005,1.462484539585457
-28.559420000000003,86.2861,1092.38,-0.03881674481821271,0.11727638464152226,1.4847162759089365
-32.705,93.9572,1115.7,-0.04445124023105674,0.12770261637784575,1.5164118246687055
-31.478099999999998,92.0929,1143.348,-0.04278369011213048,0.1251687393815834,1.5539898063200814
-25.21904,81.7724,1170.601,-0.03427664288141352,0.11114155623513422,1.591030920829086
-15.32281,65.7341,1192.012,-0.020826109412164458,0.0893429833503228,1.6201318382602785
-3.6205,47.27983,1202.985,-0.004920829085966701,0.06426072714916752,1.635045871559633
8.22228,29.2021,1200.9630000000002,0.011175372069317024,0.03969024804621135,1.632297655453619
19.07138,13.1387,1185.924,0.02592100577641862,0.017857560312606185,1.6118572884811417
28.39777,-0.5039999999999978,1160.096,0.03859703703703704,-0.0006850152905198746,1.576752973156643
36.14191,-12.185200000000002,1127.185,0.049122541624193,-0.016561603805640507,1.5320217465171593
42.50562,-22.680299999999995,1091.43,0.0577718246687054,-0.030826095820591228,1.4834250764525996
47.77308,-32.6074,1056.7849999999999,0.06493113149847095,-0.04431858647638464,1.43633707101597
52.20384,-42.171499999999995,1026.368,0.07095323139653414,-0.05731770302412503,1.394995582738702
55.991119999999995,-51.1538,1002.1945,0.07610074074074073,-0.06952606184165817,1.3621399932042133
59.25682,-59.068200000000004,985.1692,0.08053934080869861,-0.08028297655453619,1.338999932042134
62.05958,-65.382,975.2067,0.0843487325857968,-0.08886442405708461,1.3254593272171253
63.858,-77.5403,957.721,0.08679306829765544,-0.10538946653075093,1.3016935100237852
66.1766,-75.7104,969.664,0.08994441046551137,-0.10290234454638125,1.317925925925926
67.6577,-73.0982,978.385,0.091957458375807,-0.09935195378865104,1.3297791369351002
68.3078,-70.0978,983.782,0.0928410465511383,-0.09527393815834184,1.3371145090044174
68.1855,-67.0375,985.738,0.09267482161060143,-0.09111450900441725,1.3397730207271492
67.4,-64.1288,984.1,0.09160720353380905,-0.08716112810057763,1.3375467210329597
66.0959,-61.4543,978.686,0.08983472646958886,-0.08352606184165817,1.3301882432891607
64.4288,-58.9817,969.324,0.08756887529731566,-0.08016540944614339,1.3174638124362894
62.5368,-56.5962,955.892,0.0849973496432212,-0.0769231396534149,1.2992076112810058
60.5192,-54.144,938.365,0.08225511382942576,-0.07359021406727828,1.275385660890248
58.4261,-51.4799,916.852,0.07941026163778457,-0.0699692830445124,1.2461461094121644
56.2577,-48.5073,891.618,0.07646306489976215,-0.06592905198776758,1.211849133537207
53.9735,-45.1999,863.082,0.07335847774379885,-0.06143377505946313,1.1730642201834862
51.5111,-41.6032,831.787,0.07001168875297316,-0.05654529391777098,1.1305293917770982
48.8133,-37.8179,798.356,0.06634495412844037,-0.05140047570506286,1.0850914033299355
45.8589,-33.9737,763.437,0.06232945973496432,-0.046175603126061844,1.0376309887869521
42.6851,-30.2026,727.653,0.058015766224940535,-0.04105008494733266,0.9889949031600408
39.3916,-26.6166,691.561,0.053539381583418276,-0.03617614678899082,0.9399401970778118
36.1226,-23.2936,655.638,0.0490962962962963,-0.031659667006456,0.8911151885830786
33.032,-20.2724,620.285,0.04489568467550119,-0.02755338090383962,0.8430648997621474
30.246,-17.5581,585.853,0.04110907237512742,-0.02386422018348624,0.7962663948352021
27.8387,-15.1324,552.662,0.03783717295276928,-0.020567312266394838,0.7511546041454299
25.8264,-12.9667,521.003,0.035102140672782875,-0.01762378525314305,0.7081250424736664
24.1792,-11.0308,491.127,0.03286333673122664,-0.014992592592592592,0.6675188583078492
22.8397,-9.29775,463.21,0.03104274549779137,-0.012637104994903161,0.6295752633367312
21.7401,-7.74363,437.335,0.029548216106014272,-0.010524811416921508,0.5944070676180767
20.8135,-6.34744,413.477,0.02828882093102277,-0.008627169554875977,0.5619802922188243
19.9997,-5.09076,391.526,0.027182738702004758,-0.006919143730886851,0.5321454298335032
19.2496,-3.95909,371.318,0.026163234794427455,-0.0053810261637784575,0.50467957866123
18.5283,-2.94345,352.682,0.025182874617737005,-0.0040006116207951066,0.4793503227998641
17.8182,-2.04042,335.475,0.024217737003058105,-0.0027732517838939858,0.45596330275229363
17.1173,-1.24974,319.605,0.023265103635745837,-0.0016985932721712538,0.43439347604485223
16.4322,-0.571224,305.021,0.022333944954128444,-0.0007763832823649337,0.4145715256540945
15.7696,-0.00291954,291.712,0.021433367312266395,-3.9681141692150865e-06,0.3964825008494733
15.1297,0.458616,279.688,0.020563642541624193,0.0006233312945973496,0.3801399932042134
14.5074,0.81702,268.965,0.01971783893985729,0.0011104587155963302,0.36556574923547397
13.8987,1.07486,259.557,0.01889051987767584,0.0014609038396194358,0.35277879714576965
13.3081,1.23194,251.468,0.01808780156303092,0.0016744002718314646,0.34178457356439007
12.7518,1.28159,244.708,0.017331702344546382,0.0017418824328916073,0.33259667006455995
12.2537,1.20576,239.314,0.016654706082229017,0.0016388175331294597,0.3252653754672103
11.8371,0.973355,235.361,0.01608848114169215,0.001322942575603126,0.3198926265715256
11.5156,0.546155,232.958,0.015651512062521234,0.000742310567448182,0.3166265715256541
11.2884,-0.107968,232.219,0.015342711518858307,-0.00014674549779136934,0.3156221542643561
11.1383,-0.999884,233.235,0.01513870200475705,-0.0013589996602106694,0.31700305810397555
11.0342,-2.10817,236.05,0.014997213727488957,-0.0028653346924906557,0.3208290859667007
10.9351,-3.37566,240.652,0.014862521236833164,-0.004588053007135576,0.3270839279646619
10.7984,-4.71409,246.986,0.014676724430852873,-0.0064071899422358134,0.335692830445124
10.5927,-6.01531,254.984,0.014397145769622834,-0.008175752633367313,0.3465633707101597
10.315,-7.1653,264.605,0.01401970778117567,-0.009738769962623173,0.3596398233095481
10.0057,-8.05556,275.873,0.01359932042133877,-0.01094877336051648,0.3749548080190282
9.75465,-8.58775,288.894,0.013258103975535169,-0.011672103295956507,0.3926523955147808
9.68732,-8.67259,303.842,0.01316659191301393,-0.011787414203194018,0.412969079170914
9.93499,-8.22922,320.912,0.013503214407067619,-0.011184804621134897,0.4361698946653075
10.597,-7.19297,340.275,0.014402990146109412,-0.009776377845735644,0.4624872579001019
11.7121,-5.53385,362.026,0.015918586476384642,-0.007521372748895685,0.49205028882093105
13.2504,-3.27988,386.156,0.018009378185524977,-0.00445787291879035,0.5248467550118926
15.1273,-0.53179,412.54,0.02056038056405029,-0.0007227862725110431,0.5607067618076793
17.2281,2.54401,440.95,0.023415698267074417,0.003457709819911655,0.59932042133877
19.4329,5.74876,471.077,0.026412368331634385,0.007813469249065579,0.6402677539925247
21.6303,8.90142,502.569,0.029398980632008152,0.012098430173292558,0.6830703363914373
23.7257,11.8849,535.061,0.03224695888549099,0.016153448861705742,0.7272320761128102
25.6461,14.6686,568.206,0.034857084607543325,0.019936935100237852,0.7722813455657492
27.3475,17.2973,601.701,0.037169554875976896,0.02350975195378865,0.8178063200815495
28.821,19.8547,635.304,0.03917227319062182,0.026985660890248047,0.8634780835881753
30.0947,22.4181,668.839,0.04090343187223921,0.0304697247706422,0.909057424396874
31.2249,25.0264,702.184,0.04243955147808359,0.03401481481481481,0.9543785253143051
32.2791,27.6714,735.245,0.043872375127420996,0.03760978593272171,0.9993136255521576
33.3158,30.3109,767.904,0.045281413523615366,0.04119728168535508,1.0437023445463813
34.3671,32.8939,799.976,0.046710295616717634,0.044707985049269455,1.0872932381923208
35.429,35.3834,831.168,0.04815358477743799,0.04809160720353381,1.1296880733944954
36.4605,37.7671,861.052,0.04955555555555556,0.05133143051308189,1.1703051308188923
37.3911,40.0545,889.08,0.050820387359836905,0.05444036697247706,1.2083995922528032
38.1318,42.2648,914.608,0.05182711518858308,0.05744451240231057,1.243096160380564
38.5904,44.4124,936.956,0.052450424736663274,0.06036343866802582,1.273470608222902
38.6852,46.4982,955.457,0.052579272850832484,0.06319836901121305,1.2986163778457356
38.3565,48.5073,969.51,0.05213251783893985,0.06592905198776758,1.3177166156982671
32.480470000000004,24.7351,1007.202,0.04414606863744479,0.03361889228678219,1.3689459734964322
27.72451,14.021299999999997,1037.1526,0.037681970778117566,0.019057152565409442,1.4096535507985049
23.591,7.993000000000002,1065.7127,0.03206388039415563,0.01086374447842338,1.4484712198436969
21.151799999999998,9.781100000000002,1090.339,0.028748623853211006,0.01329405368671424,1.4819422358137955
20.97319,20.4358,1109.483,0.028505864763846412,0.027775467210329596,1.5079619435949712
22.80491,38.1844,1123.336,0.030995460414542982,0.05189860686374447,1.5267903499830104
25.56917,58.727448,1133.77,0.03475252463472647,0.07981984097859328,1.540971797485559
27.702039999999997,76.5754,1143.3980000000001,0.03765143051308188,0.10407801563030922,1.5540577641862048
27.7258,86.92259999999999,1154.179,0.03768372409106354,0.11814148827726807,1.5687108392796467
24.7952,87.2704,1166.286,0.033700577641862045,0.1186142031940197,1.5851661569826707
18.9667,78.1106,1177.815,0.0257787291879035,0.10616459395174992,1.600835881753313
11.08305,62.43332,1185.4569999999999,0.015063608562691132,0.08485670404349303,1.6112225620115528
2.3720299999999996,44.384,1185.79,0.003223961943594971,0.06032483860006796,1.611675161399932
-6.014740000000001,27.732499999999998,1176.559,-0.008174977913693511,0.03769283044512402,1.599128780156303
-13.31348,14.7851,1157.4250000000002,-0.018095113829425757,0.02009527692830445,1.5731226639483522
-19.22363,6.049700000000001,1129.991,-0.02612793747876317,0.008222494053686717,1.5358355419639824
-23.79874,0.5900999999999996,1097.247,-0.03234623173632348,0.0008020387359836896,1.4913312945973498
-27.27387,-3.2342000000000013,1062.759,-0.03706948012232416,-0.004395786612300376,1.4444566768603466
-29.92998,-6.999000000000002,1029.895,-0.04067955147808359,-0.009512742099898067,1.3997893306150186
-32.03056,-11.687999999999995,1001.2800000000001,-0.043534570166496776,-0.015885830784913346,1.3608970438328238
-33.81004,-17.5219,978.528,-0.045953163438668024,-0.02381501868841318,1.329973496432212
-35.474132,-24.0906,962.2420999999999,-0.048214926265715254,-0.032742915392456676,1.3078383961943594
-37.18737,-30.6451,952.1903,-0.05054348623853211,-0.04165151206252123,1.2941764186204552
-39.04665,-36.394000000000005,947.5432,-0.05307054026503568,-0.04946517159361197,1.287860278627251
-42.7897,-46.6405,933.994,-0.05815793408086987,-0.06339177709819913,1.269444784233775
-44.5523,-45.7622,945.431,-0.06055358477743799,-0.06219802922188243,1.284989466530751
-46.0331,-44.3238,953.549,-0.06256622494053686,-0.06024301732925586,1.2960231056744818
-47.268,-42.5245,958.415,-0.06424464831804282,-0.057797485558953456,1.3026367652055726
-48.2674,-40.5597,960.024,-0.06560299014610942,-0.055127013251783895,1.3048236493374108
-48.998,-38.5635,958.281,-0.06659599048589875,-0.05241386340468909,1.302454638124363
-49.3848,-36.5888,953.021,-0.0671217125382263,-0.049729935440027184,1.2953054706082228
-49.3385,-34.6232,944.067,-0.06705878355419641,-0.047058375806999654,1.2831355759429155
-48.7948,-32.6221,931.292,-0.06631980971797485,-0.04433856608902481,1.265772341148488
-47.7504,-30.5403,914.658,-0.06490030581039755,-0.041509072375127416,1.243164118246687
-46.2794,-28.351,894.233,-0.06290098538905879,-0.03853346924906558,1.2154033299354399
-44.5256,-26.0543,870.208,-0.0605172952769283,-0.035411892626571524,1.1827495752633368
-42.6721,-23.6799,842.913,-0.057998097179748555,-0.03218470948012232,1.145651376146789
-40.9008,-21.2855,812.826,-0.05559062181447502,-0.02893034318722392,1.1047584097859326
-39.353,-18.9459,780.548,-0.053486918110771324,-0.025750458715596333,1.0608875297315665
-38.1026,-16.7356,746.754,-0.05178742779476725,-0.02274631328576283,1.0149561671763507
-37.1478,-14.7138,712.132,-0.05048970438328236,-0.01999836901121305,0.9678994223581379
-36.4238,-12.9215,677.322,-0.04950567448182127,-0.017562351342167857,0.9205871559633028
-35.8307,-11.3858,642.872,-0.0486995582738702,-0.015475093442065919,0.8737641862045531
-35.2655,-10.1258,609.21,-0.04793136255521577,-0.013762555215766225,0.8280122324159022
-34.6483,-9.15247,576.644,-0.047092490655793406,-0.01243964661909616,0.7837499150526673
-33.9337,-8.46049,545.396,-0.046121236833163444,-0.011499136935100239,0.7412789670404348
-33.1087,-8.0155,515.639,-0.04499993204213387,-0.010894325518178729,0.7008345225959906
-32.1807,-7.7459,487.526,-0.04373863404689093,-0.010527896704043492,0.6626245327896704
-31.1645,-7.54564,461.205,-0.042357458375807,-0.010255711858647638,0.6268501529051987
-30.0744,-7.29164,436.807,-0.04087584097859327,-0.00991048589874278,0.5936894325518179
-28.922,-6.87303,414.42,-0.039309548080190285,-0.009341529051987768,0.5632619775739042
-27.7196,-6.22235,394.071,-0.03767529731566429,-0.008457152565409446,0.5356044852191642
-26.4839,-5.33656,375.708,-0.03599578661230037,-0.007253224600747537,0.5106462793068298
-25.2353,-4.28021,359.209,-0.03429874277947672,-0.005817478763166837,0.488221542643561
-23.9936,-3.16982,344.406,-0.03261107713217805,-0.004308284063880394,0.4681019367991845
-22.7737,-2.14309,331.109,-0.030953041114509007,-0.0029127964661909613,0.4500292218824329
-21.5837,-1.32267,319.135,-0.029335643900781517,-0.001797716615698267,0.43375467210329594
-20.4241,-0.787788,308.32,-0.02775956506965681,-0.0010707278287461774,0.41905538566089023
-19.2914,-0.563487,298.521,-0.026220047570506284,-0.00076586748216106,0.405737003058104
-18.1809,-0.628283,289.633,-0.024710703363914375,-0.0008539354400271832,0.3936568127760788
-17.09,-0.932859,281.59,-0.023227998640842677,-0.0012679021406727829,0.3827251104315324
-16.0161,-1.41856,274.373,-0.021768399592252807,-0.0019280462113489636,0.37291607203533805
-14.9534,-2.02662,268.008,-0.020324023105674483,-0.0027544954128440363,0.3642650356778797
-13.888,-2.69703,262.561,-0.01887597689432552,-0.003665688073394495,0.35686170574243964
-12.7945,-3.36433,258.118,-0.017389738362215426,-0.004572653754672103,0.35082296975874955
-11.6374,-3.95965,254.776,-0.015817057424396874,-0.005381787291879035,0.346280665987088
-10.3801,-4.4226,252.64,-0.014108188922867823,-0.006011009174311926,0.3433775059463133
-9.00188,-4.7182,251.825,-0.012234971117906897,-0.006412776078831125,0.3422697927285083
-7.51719,-4.84804,252.462,-0.010217043832823649,-0.006589249065579341,0.3431355759429154
-5.9904,-4.84519,254.683,-0.008141896024464832,-0.0065853754672103295,0.3461542643560992
-4.53905,-4.7516,258.6,-0.006169283044512402,-0.006458171933401291,0.35147808358817534
-3.32076,-4.58844,264.273,-0.004513435270132518,-0.006236411824668706,0.3591885830784914
-2.50412,-4.33444,271.702,-0.0034034930343187224,-0.005891185864763847,0.3692857628270472
-2.22976,-3.92438,280.834,-0.0030305946313285764,-0.005333849813115869,0.3816975874957526
-2.57335,-3.27032,291.6,-0.0034975874957526333,-0.004444879374787631,0.3963302752293578
-3.52215,-2.29828,303.95,-0.004787155963302752,-0.003123724091063541,0.41311586816173973
-4.97309,-0.985754,317.877,-0.006759211688752973,-0.0013397947672443085,0.4320448521916412
-6.75394,0.616662,333.412,-0.009179667006455998,0.0008381406727828747,0.45315936119605843
-8.66179,2.39092,350.594,-0.01177273530411145,0.003249636425416242,0.47651240231056746
-10.5067,4.18675,369.424,-0.014280258239891267,0.005690451919809718,0.5021053346924906
-12.1467,5.87569,389.82,-0.01650927624872579,0.007985987088005436,0.5298267074413864
-13.5059,7.4021,411.603,-0.018356642881413525,0.010060618416581719,0.5594332313965341
-14.572,8.8081,434.518,-0.01980564050288821,0.011971593611960584,0.5905783214407068
-15.3802,10.2218,458.297,-0.02090411145090044,0.013893034318722393,0.6228977234114849
-15.9899,11.8166,482.73,-0.02173278967040435,0.01606061841658172,0.6561060142711519
-16.4632,13.7609,507.717,-0.022376078831124704,0.018703227998640843,0.6900672782874617
-16.8487,16.1774,533.283,-0.022900033978933063,0.02198763166836561,0.724815494393476
-17.1776,19.1225,559.556,-0.023347060822290183,0.02599048589874278,0.7605246347264697
-17.4695,22.5844,586.71,-0.023743798844716276,0.03069575263336731,0.7974311926605505
-17.7444,26.4959,614.896,-0.02411743119266055,0.03601209650016989,0.8357404009514101
-18.0345,30.756,644.174,-0.02451172273190622,0.04180224260958206,0.8755338090383962
-18.3892,35.2561,674.452,-0.024993815834182805,0.047918586476384646,0.9166863744478423
-18.8694,39.9036,705.453,-0.025646483180428132,0.05423527013251783,0.9588216106014271
-19.534,44.6354,736.718,-0.026549779136935098,0.060666530750934415,1.0013156642881413
-20.4248,49.4164,767.649,-0.027760516479782536,0.06716466190961604,1.0433557594291538
-21.5566,54.2246,797.59,-0.029298810737342848,0.07369976214746857,1.0840502888209311
-22.9166,59.0328,825.915,-0.03114726469588855,0.0802348623853211,1.1225484199796125
-24.4709,63.7979,852.1,-0.03325980292218824,0.0867113829425756,1.1581379544682298
-26.1735,68.4624,875.764,-0.03557390417940877,0.09305117227319062,1.190301053346925
-27.9738,72.9655,896.672,-0.03802079510703364,0.0991715936119606,1.21871831464492
-29.8195,77.2526,914.701,-0.0405293917770982,0.10499843696907918,1.243222562011553
-31.6541,81.2778,929.795,-0.04302290180088345,0.11046931702344547,1.2637376826367652
-33.4134,84.9991,941.917,-0.045414067278287465,0.11552714916751614,1.2802133876996262
-35.0232,88.372,950.997,-0.0476020387359837,0.12011145090044173,1.2925545361875637
-36.4025,91.3487,956.908,-0.049476724430852874,0.12415725450220862,1.3005885151206253
-37.4718,93.8832,959.463,-0.05093007135575943,0.1276020387359837,1.3040611620795106
-38.165,95.9391,958.434,-0.05187223921168875,0.13039633027522934,1.3026625891946992
-38.439,97.497,953.579,-0.05224464831804281,0.1325137614678899,1.2960638803941555
-38.2777,98.5603,944.666,-0.05202541624193001,0.1339589534488617,1.283949711179069
-37.6878,99.1583,931.485,-0.05122364933741081,0.1347717295276928,1.2660346585117228
-36.6884,99.3452,913.856,-0.04986530750934421,0.13502575603126063,1.242074074074074
-35.3004,99.1896,891.638,-0.04797879714576963,0.13481427115188582,1.2118763166836561
-33.5397,98.7558,864.749,-0.045585728848114175,0.13422466870540264,1.1753299354400273
-31.4184,98.0798,833.185,-0.042702548419979613,0.13330587835541965,1.1324294937138972
-28.9526,97.1479,797.014,-0.039351138294257564,0.1320392796466191,1.083267414203194
-26.1753,95.8847,756.366,-0.03557635066258919,0.13032239211688754,1.0280203873598368
-23.1505,94.1532,711.399,-0.031465171593611965,0.1279690112130479,0.9669031600407747
-19.9808,91.7699,662.276,-0.02715705062861026,0.12472973156642882,0.9001372748895684
-16.8048,88.5325,609.185,-0.022840366972477065,0.12032959565069656,0.8279782534828406
-13.7796,84.2541,552.411,-0.018728644240570847,0.11451457696228337,0.7508134556574922
-11.0546,78.8014,492.453,-0.015024940536867143,0.10710349983010534,0.6693211009174311
-8.74237,72.1335,430.145,-0.011882256201155282,0.0980407747196738,0.5846347264695888
-6.89736,64.337,366.721,-0.00937459734964322,0.08744410465511383,0.4984315324498811
-5.50728,55.6473,303.794,-0.00748525993883792,0.07563343527013253,0.41290383961943594
-4.50011,46.4412,243.233,-0.006116357458375807,0.06312089704383282,0.33059191301393137
-3.76444,37.192,186.963,-0.005116466190961604,0.0505497791369351,0.25411213047910297
-3.1784,28.3964,136.738,-0.004319945633707101,0.03859517499150527,0.1858484539585457
-2.64004,20.4926,93.9274,-0.0035882296975874957,0.02785266734624533,0.12766211348963644
-2.09035,13.7971,59.3624,-0.0028411145090044172,0.018752429493713897,0.08068284063880395
-1.52142,8.47579,33.2497,-0.002067849133537207,0.011519932042133876,0.045191573224600746
0.0,0.0,0.0,0.0,0.0,0.0
0.0,0.0,0.0,0.0,0.0,0.0
0.0,0.0,0.0,0.0,0.0,0.0
0.0,0.0,0.0,0.0,0.0,0.0
0.0,0.0,0.0,0.0,0.0,0.0
0.0,0.0,0.0,0.0,0.0,0.0
0.0,0.0,0.0,0.0,0.0,0.0
0.0,0.0,0.0,0.0,0.0,0.0
0.0,0.0,0.0,0.0,0.0,0.0
0.0,0.0,0.0,0.0,0.0,0.0
0.0,0.0,0.0,0.0,0.0,0.0
0.0,0.0,0.0,0.0,0.0,0.0
0.0,0.0,0.0,0.0,0.0,0.0
0.0,0.0,0.0,0.0,0.0,0.0
0.0,0.0,0.0,0.0,0.0,0.0
0.0,0.0,0.0,0.0,0.0,0.0
0.0,0.0,0.0,0.0,0.0,0.0
0.0,0.0,0.0,0.0,0.0,0.0
0.0,0.0,0.0,0.0,0.0,0.0
0.0,0.0,0.0,0.0,0.0,0.0
0.0,0.0,0.0,0.0,0.0,0.0
0.0,0.0,0.0,0.0,0.0,0.0
0.0,0.0,0.0,0.0,0.0,0.0
0.0,0.0,0.0,0.0,0.0,0.0
0.0,0.0,0.0,0.0,0.0,0.0
0.0,0.0,0.0,0.0,0.0,0.0
0.0,0.0,0.0,0.0,0.0,0.0
0.0,0.0,0.0,0.0,0.0,0.0
0.0,0.0,0.0,0.0,0.0,0.0
0.0,0.0,0.0,0.0,0.0,0.0
0.0,0.0,0.0,0.0,0.0,0.0
0.0,0.0,0.0,0.0,0.0,0.0
0.0,0.0,0.0,0.0,0.0,0.0
0.0,0.0,0.0,0.0,0.0,0.0
0.0,0.0,0.0,0.0,0.0,0.0
0.0,0.0,0.0,0.0,0.0,0.0
0.0,0.0,0.0,0.0,0.0,0.0
0.0,0.0,0.0,0.0,0.0,0.0
0.0,0.0,0.0,0.0,0.0,0.0
0.0,0.0,0.0,0.0,0.0,0.0
0.0,0.0,0.0,0.0,0.0,0.0
0.0,0.0,0.0,0.0,0.0,0.0
0.0,0.0,0.0,0.0,0.0,0.0
0.0,0.0,0.0,0.0,0.0,0.0
0.0,0.0,0.0,0.0,0.0,0.0
0.0,0.0,0.0,0.0,0.0,0.0
0.0,0.0,0.0,0.0,0.0,0.0
0.0,0.0,0.0,0.0,0.0,0.0
0.0,0.0,0.0,0.0,0.0,0.0
0.0,0.0,0.0,0.0,0.0,0.0
0.0,0.0,0.0,0.0,0.0,0.0
0.0,0.0,0.0,0.0,0.0,0.0
0.0,0.0,0.0,0.0,0.0,0.0
0.0,0.0,0.0,0.0,0.0,0.0
0.0,0.0,0.0,0.0,0.0,0.0
0.0,0.0,0.0,0.0,0.0,0.0
0.0,0.0,0.0,0.0,0.0,0.0
0.0,0.0,0.0,0.0,0.0,0.0
0.0,0.0,0.0,0.0,0.0,0.0
0.0,0.0,0.0,0.0,0.0,0.0
0.0,0.0,0.0,0.0,0.0,0.0
0.0,0.0,0.0,0.0,0.0,0.0
0.0,0.0,0.0,0.0,0.0,0.0
0.0,0.0,0.0,0.0,0.0,0.0
0.0,0.0,0.0,0.0,0.0,0.0
0.0,0.0,0.0,0.0,0.0,0.0
0.0,0.0,0.0,0.0,0.0,0.0
0.0,0.0,0.0,0.0,0.0,0.0
0.0,0.0,0.0,0.0,0.0,0.0
0.0,0.0,0.0,0.0,0.0,0.0
0.0,0.0,0.0,0.0,0.0,0.0
0.0,0.0,0.0,0.0,0.0,0.0
0.0,0.0,0.0,0.0,0.0,0.0
0.0,0.0,0.0,0.0,0.0,0.0
0.0,0.0,0.0,0.0,0.0,0.0
0.0,0.0,0.0,0.0,0.0,0.0
0.0,0.0,0.0,0.0,0.0,0.0
0.0,0.0,0.0,0.0,0.0,0.0
0.0,0.0,0.0,0.0,0.0,0.0
0.0,0.0,0.0,0.0,0.0,0.0
0.0,0.0,0.0,0.0,0.0,0.0
0.0,0.0,0.0,0.0,0.0,0.0
0.0,0.0,0.0,0.0,0.0,0.0
0.0,0.0,0.0,0.0,0.0,0.0
0.0,0.0,0.0,0.0,0.0,0.0
0.0,0.0,0.0,0.0,0.0,0.0
0.0,0.0,0.0,0.0,0.0,0.0
0.0,0.0,0.0,0.0,0.0,0.0
0.0,0.0,0.0,0.0,0.0,0.0
0.0,0.0,0.0,0.0,0.0,0.0
0.0,0.0,0.0,0.0,0.0,0.0
0.0,0.0,0.0,0.0,0.0,0.0
0.0,0.0,0.0,0.0,0.0,0.0
0.0,0.0,0.0,0.0,0.0,0.0
