trial,model_kind,window_ms,rmse_%BW,mae_%BW,sensortag,metrics_path,outdir,subject,task,lag_ms,lag_ms_num,suspect_lag,rmse_num
AB01_stairs_1_9_up,hgb,300,0.3351082739753007,0.1474192190972695,lshank,E:\safestride\out_grid\AB01\AB01_stairs_1_9_up_lshank_hgb_w300\eval\metrics_eval.json,E:\safestride\out_grid\AB01\AB01_stairs_1_9_up_lshank_hgb_w300,AB01,stairs,,,True,0.3351082739753007
AB01_stairs_1_7_up,hgb,300,41.11121942188332,18.56327845730109,lpthigh,E:\safestride\out_grid\AB01\AB01_stairs_1_7_up_lpthigh_hgb_w300\eval\metrics_eval.json,E:\safestride\out_grid\AB01\AB01_stairs_1_7_up_lpthigh_hgb_w300,AB01,stairs,,,True,41.11121942188332
AB01_stairs_1_7_up,hgb,300,38.22246817956482,17.39227559744183,lpelvis,E:\safestride\out_grid\AB01\AB01_stairs_1_7_up_lpelvis_hgb_w300\eval\metrics_eval.json,E:\safestride\out_grid\AB01\AB01_stairs_1_7_up_lpelvis_hgb_w300,AB01,stairs,,,True,38.22246817956482
AB01_stairs_1_7_up,hgb,300,30.90139012417647,11.686212149260315,rpelvis,E:\safestride\out_grid\AB01\AB01_stairs_1_7_up_rpelvis_hgb_w300\eval\metrics_eval.json,E:\safestride\out_grid\AB01\AB01_stairs_1_7_up_rpelvis_hgb_w300,AB01,stairs,,,True,30.90139012417647
AB01_stairs_1_5_up,hgb,300,28.43969019967025,10.41235731962141,lathigh,E:\safestride\out_grid\AB01\AB01_stairs_1_5_up_lathigh_hgb_w300\eval\metrics_eval.json,E:\safestride\out_grid\AB01\AB01_stairs_1_5_up_lathigh_hgb_w300,AB01,stairs,,,True,28.43969019967025
AB01_stairs_1_5_up,hgb,300,33.4699854416387,15.400594958253164,rathigh,E:\safestride\out_grid\AB01\AB01_stairs_1_5_up_rathigh_hgb_w300\eval\metrics_eval.json,E:\safestride\out_grid\AB01\AB01_stairs_1_5_up_rathigh_hgb_w300,AB01,stairs,,,True,33.4699854416387
AB01_stairs_1_5_up,hgb,300,25.454092336114226,9.95631331742501,rpelvis,E:\safestride\out_grid\AB01\AB01_stairs_1_5_up_rpelvis_hgb_w300\eval\metrics_eval.json,E:\safestride\out_grid\AB01\AB01_stairs_1_5_up_rpelvis_hgb_w300,AB01,stairs,,,True,25.454092336114226
AB01_stairs_1_4_down,hgb,300,25.058021351631545,8.87677307053757,rathigh,E:\safestride\out_grid\AB01\AB01_stairs_1_4_down_rathigh_hgb_w300\eval\metrics_eval.json,E:\safestride\out_grid\AB01\AB01_stairs_1_4_down_rathigh_hgb_w300,AB01,stairs,,,True,25.058021351631545
AB01_stairs_1_3_up,hgb,300,33.911580831168074,15.117068930110628,rpthigh,E:\safestride\out_grid\AB01\AB01_stairs_1_3_up_rpthigh_hgb_w300\eval\metrics_eval.json,E:\safestride\out_grid\AB01\AB01_stairs_1_3_up_rpthigh_hgb_w300,AB01,stairs,,,True,33.911580831168074
AB01_stairs_1_3_up,hgb,300,40.41301451875846,18.42180012195524,rpelvis,E:\safestride\out_grid\AB01\AB01_stairs_1_3_up_rpelvis_hgb_w300\eval\metrics_eval.json,E:\safestride\out_grid\AB01\AB01_stairs_1_3_up_rpelvis_hgb_w300,AB01,stairs,,,True,40.41301451875846
AB01_stairs_1_1_up,hgb,300,25.983173933820336,8.961537703793878,lathigh,E:\safestride\out_grid\AB01\AB01_stairs_1_1_up_lathigh_hgb_w300\eval\metrics_eval.json,E:\safestride\out_grid\AB01\AB01_stairs_1_1_up_lathigh_hgb_w300,AB01,stairs,,,True,25.983173933820336
AB01_stairs_1_1_up,hgb,300,36.636770769839536,15.186930045865813,rathigh,E:\safestride\out_grid\AB01\AB01_stairs_1_1_up_rathigh_hgb_w300\eval\metrics_eval.json,E:\safestride\out_grid\AB01\AB01_stairs_1_1_up_rathigh_hgb_w300,AB01,stairs,,,True,36.636770769839536
AB01_stairs_1_1_up,hgb,300,0.1657272760789218,0.0757990462728639,lshank,E:\safestride\out_grid\AB01\AB01_stairs_1_1_up_lshank_hgb_w300\eval\metrics_eval.json,E:\safestride\out_grid\AB01\AB01_stairs_1_1_up_lshank_hgb_w300,AB01,stairs,,,True,0.1657272760789218
AB01_stairs_1_1_up,hgb,300,45.34637258765615,20.110001678751097,rpelvis,E:\safestride\out_grid\AB01\AB01_stairs_1_1_up_rpelvis_hgb_w300\eval\metrics_eval.json,E:\safestride\out_grid\AB01\AB01_stairs_1_1_up_rpelvis_hgb_w300,AB01,stairs,,,True,45.34637258765615
AB01_stairs_1_10_down,hgb,300,36.89935285771652,17.09609621831824,lathigh,E:\safestride\out_grid\AB01\AB01_stairs_1_10_down_lathigh_hgb_w300\eval\metrics_eval.json,E:\safestride\out_grid\AB01\AB01_stairs_1_10_down_lathigh_hgb_w300,AB01,stairs,,,True,36.89935285771652
AB01_stairs_1_10_down,hgb,300,28.6514653708283,12.39148518622803,lpthigh,E:\safestride\out_grid\AB01\AB01_stairs_1_10_down_lpthigh_hgb_w300\eval\metrics_eval.json,E:\safestride\out_grid\AB01\AB01_stairs_1_10_down_lpthigh_hgb_w300,AB01,stairs,,,True,28.6514653708283
AB01_normal_walk_1_2-0,hgb,300,27.89959106742259,6.481054476527642,rshank,E:\safestride\out_grid\AB01\AB01_normal_walk_1_2-0_rshank_hgb_w300\eval\metrics_eval.json,E:\safestride\out_grid\AB01\AB01_normal_walk_1_2-0_rshank_hgb_w300,AB01,normal,,,True,27.89959106742259
AB01_meander_1,hgb,300,42.952375239910445,20.550090737387546,lathigh,E:\safestride\out_grid\AB01\AB01_meander_1_lathigh_hgb_w300\eval\metrics_eval.json,E:\safestride\out_grid\AB01\AB01_meander_1_lathigh_hgb_w300,AB01,meander,,,True,42.952375239910445
AB01_meander_1,hgb,300,32.33188191953064,11.63462761943278,lpthigh,E:\safestride\out_grid\AB01\AB01_meander_1_lpthigh_hgb_w300\eval\metrics_eval.json,E:\safestride\out_grid\AB01\AB01_meander_1_lpthigh_hgb_w300,AB01,meander,,,True,32.33188191953064
AB01_meander_1,hgb,300,41.29479113356948,19.80469592544129,lshank,E:\safestride\out_grid\AB01\AB01_meander_1_lshank_hgb_w300\eval\metrics_eval.json,E:\safestride\out_grid\AB01\AB01_meander_1_lshank_hgb_w300,AB01,meander,,,True,41.29479113356948
AB01_meander_1,hgb,300,37.09078369308852,16.18790393873996,rshank,E:\safestride\out_grid\AB01\AB01_meander_1_rshank_hgb_w300\eval\metrics_eval.json,E:\safestride\out_grid\AB01\AB01_meander_1_rshank_hgb_w300,AB01,meander,,,True,37.09078369308852
AB01_lift_weight_2_0lbs-r-r,hgb,300,37.80095759909491,15.49975646241288,lshank,E:\safestride\out_grid\AB01\AB01_lift_weight_2_0lbs-r-r_lshank_hgb_w300\eval\metrics_eval.json,E:\safestride\out_grid\AB01\AB01_lift_weight_2_0lbs-r-r_lshank_hgb_w300,AB01,lift,,,True,37.80095759909491
AB01_lift_weight_2_0lbs-r-c,hgb,300,26.8060736307354,11.182202779588836,lshank,E:\safestride\out_grid\AB01\AB01_lift_weight_2_0lbs-r-c_lshank_hgb_w300\eval\metrics_eval.json,E:\safestride\out_grid\AB01\AB01_lift_weight_2_0lbs-r-c_lshank_hgb_w300,AB01,lift,,,True,26.8060736307354
AB01_lift_weight_1_25lbs-r-r,hgb,300,38.40318007949652,16.21171752507335,lshank,E:\safestride\out_grid\AB01\AB01_lift_weight_1_25lbs-r-r_lshank_hgb_w300\eval\metrics_eval.json,E:\safestride\out_grid\AB01\AB01_lift_weight_1_25lbs-r-r_lshank_hgb_w300,AB01,lift,,,True,38.40318007949652
AB01_lift_weight_1_25lbs-r-c,hgb,300,28.33687854124392,8.091815669445207,lshank,E:\safestride\out_grid\AB01\AB01_lift_weight_1_25lbs-r-c_lshank_hgb_w300\eval\metrics_eval.json,E:\safestride\out_grid\AB01\AB01_lift_weight_1_25lbs-r-c_lshank_hgb_w300,AB01,lift,,,True,28.33687854124392
AB01_lift_weight_1_25lbs-l-l,hgb,300,44.44388593834704,19.846029863839064,rshank,E:\safestride\out_grid\AB01\AB01_lift_weight_1_25lbs-l-l_rshank_hgb_w300\eval\metrics_eval.json,E:\safestride\out_grid\AB01\AB01_lift_weight_1_25lbs-l-l_rshank_hgb_w300,AB01,lift,,,True,44.44388593834704
AB01_jump_2_180,hgb,300,42.75484599156718,13.6888142015229,lathigh,E:\safestride\out_grid\AB01\AB01_jump_2_180_lathigh_hgb_w300\eval\metrics_eval.json,E:\safestride\out_grid\AB01\AB01_jump_2_180_lathigh_hgb_w300,AB01,jump,,,True,42.75484599156718
AB01_jump_2_180,hgb,300,46.02030565519204,15.16618697572662,rathigh,E:\safestride\out_grid\AB01\AB01_jump_2_180_rathigh_hgb_w300\eval\metrics_eval.json,E:\safestride\out_grid\AB01\AB01_jump_2_180_rathigh_hgb_w300,AB01,jump,,,True,46.02030565519204
AB01_jump_2_180,hgb,300,31.425060770295307,11.861717369145682,lshank,E:\safestride\out_grid\AB01\AB01_jump_2_180_lshank_hgb_w300\eval\metrics_eval.json,E:\safestride\out_grid\AB01\AB01_jump_2_180_lshank_hgb_w300,AB01,jump,,,True,31.425060770295307
AB01_jump_2_180,hgb,300,35.84758966744789,12.998995564945574,rshank,E:\safestride\out_grid\AB01\AB01_jump_2_180_rshank_hgb_w300\eval\metrics_eval.json,E:\safestride\out_grid\AB01\AB01_jump_2_180_rshank_hgb_w300,AB01,jump,,,True,35.84758966744789
AB01_jump_1_hop,hgb,300,25.92458121232813,7.726798186203361,lathigh,E:\safestride\out_grid\AB01\AB01_jump_1_hop_lathigh_hgb_w300\eval\metrics_eval.json,E:\safestride\out_grid\AB01\AB01_jump_1_hop_lathigh_hgb_w300,AB01,jump,,,True,25.92458121232813
AB01_jump_1_hop,hgb,300,30.510470591287653,8.897781791506995,rathigh,E:\safestride\out_grid\AB01\AB01_jump_1_hop_rathigh_hgb_w300\eval\metrics_eval.json,E:\safestride\out_grid\AB01\AB01_jump_1_hop_rathigh_hgb_w300,AB01,jump,,,True,30.510470591287653
AB01_jump_1_hop,hgb,300,28.66661048574717,9.787870520676906,rpthigh,E:\safestride\out_grid\AB01\AB01_jump_1_hop_rpthigh_hgb_w300\eval\metrics_eval.json,E:\safestride\out_grid\AB01\AB01_jump_1_hop_rpthigh_hgb_w300,AB01,jump,,,True,28.66661048574717
AB01_jump_1_hop,hgb,300,28.08793692062967,7.89794517225165,lshank,E:\safestride\out_grid\AB01\AB01_jump_1_hop_lshank_hgb_w300\eval\metrics_eval.json,E:\safestride\out_grid\AB01\AB01_jump_1_hop_lshank_hgb_w300,AB01,jump,,,True,28.08793692062967
AB01_jump_1_hop,hgb,300,33.62722024693796,10.09802731039948,lpelvis,E:\safestride\out_grid\AB01\AB01_jump_1_hop_lpelvis_hgb_w300\eval\metrics_eval.json,E:\safestride\out_grid\AB01\AB01_jump_1_hop_lpelvis_hgb_w300,AB01,jump,,,True,33.62722024693796
AB01_jump_1_hop,hgb,300,26.419465910080227,9.286425396179393,rpelvis,E:\safestride\out_grid\AB01\AB01_jump_1_hop_rpelvis_hgb_w300\eval\metrics_eval.json,E:\safestride\out_grid\AB01\AB01_jump_1_hop_rpelvis_hgb_w300,AB01,jump,,,True,26.419465910080227
AB01_dynamic_walk_1_butt-kicks,hgb,300,25.055140779195742,7.328692199683992,rathigh,E:\safestride\out_grid\AB01\AB01_dynamic_walk_1_butt-kicks_rathigh_hgb_w300\eval\metrics_eval.json,E:\safestride\out_grid\AB01\AB01_dynamic_walk_1_butt-kicks_rathigh_hgb_w300,AB01,dynamic,,,True,25.055140779195742
AB01_dynamic_walk_1_butt-kicks,hgb,300,25.40563586267709,6.023220264636456,lpelvis,E:\safestride\out_grid\AB01\AB01_dynamic_walk_1_butt-kicks_lpelvis_hgb_w300\eval\metrics_eval.json,E:\safestride\out_grid\AB01\AB01_dynamic_walk_1_butt-kicks_lpelvis_hgb_w300,AB01,dynamic,,,True,25.40563586267709
AB02_ball_toss_1_left,hgb,300,33.475032098567226,10.88106369615995,rshank,E:\safestride\out_grid\AB02_ball_toss_1_left_rshank_hgb_w300\eval\metrics_eval.json,E:\safestride\out_grid\AB02_ball_toss_1_left_rshank_hgb_w300,AB02,ball,,,True,33.475032098567226
AB02_cutting_1_left-slow,hgb,300,27.656237489142107,9.728077108129597,rshank,E:\safestride\out_grid\AB02_cutting_1_left-slow_rshank_hgb_w300\eval\metrics_eval.json,E:\safestride\out_grid\AB02_cutting_1_left-slow_rshank_hgb_w300,AB02,cutting,,,True,27.656237489142107
AB02_cutting_1_right-fast,hgb,300,30.13219346863288,10.92283722243318,rshank,E:\safestride\out_grid\AB02_cutting_1_right-fast_rshank_hgb_w300\eval\metrics_eval.json,E:\safestride\out_grid\AB02_cutting_1_right-fast_rshank_hgb_w300,AB02,cutting,,,True,30.13219346863288
AB02_cutting_1_right-slow,hgb,300,26.516512645116592,10.423839541079856,rshank,E:\safestride\out_grid\AB02_cutting_1_right-slow_rshank_hgb_w300\eval\metrics_eval.json,E:\safestride\out_grid\AB02_cutting_1_right-slow_rshank_hgb_w300,AB02,cutting,,,True,26.516512645116592
AB02_jump_1_2_hop,hgb,300,31.46847664766733,11.234781056668355,rshank,E:\safestride\out_grid\AB02_jump_1_2_hop_rshank_hgb_w300\eval\metrics_eval.json,E:\safestride\out_grid\AB02_jump_1_2_hop_rshank_hgb_w300,AB02,jump,,,True,31.46847664766733
AB02_jump_1_2_vertical,hgb,300,34.939829575000545,11.995709185809291,rshank,E:\safestride\out_grid\AB02_jump_1_2_vertical_rshank_hgb_w300\eval\metrics_eval.json,E:\safestride\out_grid\AB02_jump_1_2_vertical_rshank_hgb_w300,AB02,jump,,,True,34.939829575000545
AB02_lift_weight_1_25lbs-l-c,hgb,300,40.023084396404215,14.57503586315865,rshank,E:\safestride\out_grid\AB02_lift_weight_1_25lbs-l-c_rshank_hgb_w300\eval\metrics_eval.json,E:\safestride\out_grid\AB02_lift_weight_1_25lbs-l-c_rshank_hgb_w300,AB02,lift,,,True,40.023084396404215
AB02_lift_weight_1_25lbs-l-l,hgb,300,48.702785769142665,21.35241827516164,rshank,E:\safestride\out_grid\AB02_lift_weight_1_25lbs-l-l_rshank_hgb_w300\eval\metrics_eval.json,E:\safestride\out_grid\AB02_lift_weight_1_25lbs-l-l_rshank_hgb_w300,AB02,lift,,,True,48.702785769142665
AB02_lift_weight_1_25lbs-r-c,hgb,300,44.22332448866759,19.48951220487201,rshank,E:\safestride\out_grid\AB02_lift_weight_1_25lbs-r-c_rshank_hgb_w300\eval\metrics_eval.json,E:\safestride\out_grid\AB02_lift_weight_1_25lbs-r-c_rshank_hgb_w300,AB02,lift,,,True,44.22332448866759
AB02_lift_weight_1_25lbs-r-r,hgb,300,30.44783542082552,9.7986408947023,rshank,E:\safestride\out_grid\AB02_lift_weight_1_25lbs-r-r_rshank_hgb_w300\eval\metrics_eval.json,E:\safestride\out_grid\AB02_lift_weight_1_25lbs-r-r_rshank_hgb_w300,AB02,lift,,,True,30.44783542082552
AB02_lift_weight_2_0lbs-l-c,hgb,300,42.23960423573956,18.84740342193469,rshank,E:\safestride\out_grid\AB02_lift_weight_2_0lbs-l-c_rshank_hgb_w300\eval\metrics_eval.json,E:\safestride\out_grid\AB02_lift_weight_2_0lbs-l-c_rshank_hgb_w300,AB02,lift,,,True,42.23960423573956
