trial,sensortag,model_kind,window_ms,rmse_%BW,mae_%BW,rmse_N,mae_N,metrics_path,outdir,rmse_num,lag_samples,lag_ms,within_cap,path
AB01_stairs_1_9_up,lshank,hgb,300,0.3351082739753007,0.1474192190972695,2.5928824588791275,1.1406483724336285,E:\safestride\out_grid\AB01\AB01_stairs_1_9_up_lshank_hgb_w300\eval\metrics_eval.json,E:\safestride\out_grid\AB01\AB01_stairs_1_9_up_lshank_hgb_w300,0.3351082739753007,,,,
AB01_stairs_1_7_up,lpthigh,hgb,300,41.11121942188332,18.56327845730109,318.0958752155099,143.63238042511722,E:\safestride\out_grid\AB01\AB01_stairs_1_7_up_lpthigh_hgb_w300\eval\metrics_eval.json,E:\safestride\out_grid\AB01\AB01_stairs_1_7_up_lpthigh_hgb_w300,41.11121942188332,,,,
AB01_stairs_1_7_up,lpelvis,hgb,300,38.22246817956482,17.39227559744183,295.74431601519905,134.57180803575815,E:\safestride\out_grid\AB01\AB01_stairs_1_7_up_lpelvis_hgb_w300\eval\metrics_eval.json,E:\safestride\out_grid\AB01\AB01_stairs_1_7_up_lpelvis_hgb_w300,38.22246817956482,,,,
AB01_stairs_1_7_up,rpelvis,hgb,300,30.90139012417647,11.686212149260315,239.09786367693036,90.42144538272596,E:\safestride\out_grid\AB01\AB01_stairs_1_7_up_rpelvis_hgb_w300\eval\metrics_eval.json,E:\safestride\out_grid\AB01\AB01_stairs_1_7_up_rpelvis_hgb_w300,30.90139012417647,,,,
AB01_stairs_1_5_up,lathigh,hgb,300,28.43969019967025,10.41235731962141,220.0505913504145,80.56506134377912,E:\safestride\out_grid\AB01\AB01_stairs_1_5_up_lathigh_hgb_w300\eval\metrics_eval.json,E:\safestride\out_grid\AB01\AB01_stairs_1_5_up_lathigh_hgb_w300,28.43969019967025,,,,
AB01_stairs_1_5_up,rathigh,hgb,300,33.4699854416387,15.400594958253164,258.97223342495323,119.16128494786184,E:\safestride\out_grid\AB01\AB01_stairs_1_5_up_rathigh_hgb_w300\eval\metrics_eval.json,E:\safestride\out_grid\AB01\AB01_stairs_1_5_up_rathigh_hgb_w300,33.4699854416387,,,,
AB01_stairs_1_5_up,rpelvis,hgb,300,25.454092336114226,9.95631331742501,196.94968656567616,77.0364451155232,E:\safestride\out_grid\AB01\AB01_stairs_1_5_up_rpelvis_hgb_w300\eval\metrics_eval.json,E:\safestride\out_grid\AB01\AB01_stairs_1_5_up_rpelvis_hgb_w300,25.454092336114226,,,,
AB01_stairs_1_4_down,rathigh,hgb,300,25.058021351631545,8.87677307053757,193.88510837441424,68.68355983279575,E:\safestride\out_grid\AB01\AB01_stairs_1_4_down_rathigh_hgb_w300\eval\metrics_eval.json,E:\safestride\out_grid\AB01\AB01_stairs_1_4_down_rathigh_hgb_w300,25.058021351631545,,,,
AB01_stairs_1_3_up,rpthigh,hgb,300,33.911580831168074,15.117068930110628,262.3890542806418,116.96751737451736,E:\safestride\out_grid\AB01\AB01_stairs_1_3_up_rpthigh_hgb_w300\eval\metrics_eval.json,E:\safestride\out_grid\AB01\AB01_stairs_1_3_up_rpthigh_hgb_w300,33.911580831168074,,,,
AB01_stairs_1_3_up,rpelvis,hgb,300,40.41301451875846,18.42180012195524,312.6935518871719,142.5376993249522,E:\safestride\out_grid\AB01\AB01_stairs_1_3_up_rpelvis_hgb_w300\eval\metrics_eval.json,E:\safestride\out_grid\AB01\AB01_stairs_1_3_up_rpelvis_hgb_w300,40.41301451875846,,,,
AB01_stairs_1_1_up,lathigh,hgb,300,25.983173933820336,8.961537703793878,201.04342730724028,69.33942167737618,E:\safestride\out_grid\AB01\AB01_stairs_1_1_up_lathigh_hgb_w300\eval\metrics_eval.json,E:\safestride\out_grid\AB01\AB01_stairs_1_1_up_lathigh_hgb_w300,25.983173933820336,,,,
AB01_stairs_1_1_up,rathigh,hgb,300,36.636770769839536,15.186930045865813,283.475066587267,117.50806404455476,E:\safestride\out_grid\AB01\AB01_stairs_1_1_up_rathigh_hgb_w300\eval\metrics_eval.json,E:\safestride\out_grid\AB01\AB01_stairs_1_1_up_rathigh_hgb_w300,36.636770769839536,,,,
AB01_stairs_1_1_up,lshank,hgb,300,0.1657272760789218,0.0757990462728639,1.282305990255934,0.5864910918169757,E:\safestride\out_grid\AB01\AB01_stairs_1_1_up_lshank_hgb_w300\eval\metrics_eval.json,E:\safestride\out_grid\AB01\AB01_stairs_1_1_up_lshank_hgb_w300,0.1657272760789218,,,,
AB01_stairs_1_1_up,rpelvis,hgb,300,45.34637258765615,20.110001678751097,350.8651477372864,155.6000691427474,E:\safestride\out_grid\AB01\AB01_stairs_1_1_up_rpelvis_hgb_w300\eval\metrics_eval.json,E:\safestride\out_grid\AB01\AB01_stairs_1_1_up_rpelvis_hgb_w300,45.34637258765615,,,,
AB01_stairs_1_10_down,lathigh,hgb,300,36.89935285771652,17.09609621831824,285.50678153597715,132.28013583172338,E:\safestride\out_grid\AB01\AB01_stairs_1_10_down_lathigh_hgb_w300\eval\metrics_eval.json,E:\safestride\out_grid\AB01\AB01_stairs_1_10_down_lathigh_hgb_w300,36.89935285771652,,,,
AB01_stairs_1_10_down,lpthigh,hgb,300,28.6514653708283,12.39148518622803,221.68919048139952,95.87845802100172,E:\safestride\out_grid\AB01\AB01_stairs_1_10_down_lpthigh_hgb_w300\eval\metrics_eval.json,E:\safestride\out_grid\AB01\AB01_stairs_1_10_down_lpthigh_hgb_w300,28.6514653708283,,,,
AB01_normal_walk_1_2-0,rshank,hgb,300,27.89959106742259,6.481054476527642,215.87160302091704,50.1468145440872,E:\safestride\out_grid\AB01\AB01_normal_walk_1_2-0_rshank_hgb_w300\eval\metrics_eval.json,E:\safestride\out_grid\AB01\AB01_normal_walk_1_2-0_rshank_hgb_w300,27.89959106742259,,,,
AB01_meander_1,lathigh,hgb,300,42.952375239910445,20.550090737387546,332.3417205000631,159.00523484321343,E:\safestride\out_grid\AB01\AB01_meander_1_lathigh_hgb_w300\eval\metrics_eval.json,E:\safestride\out_grid\AB01\AB01_meander_1_lathigh_hgb_w300,42.952375239910445,,,,
AB01_meander_1,lpthigh,hgb,300,32.33188191953064,11.63462761943278,250.16621791284427,90.02231282490317,E:\safestride\out_grid\AB01\AB01_meander_1_lpthigh_hgb_w300\eval\metrics_eval.json,E:\safestride\out_grid\AB01\AB01_meander_1_lpthigh_hgb_w300,32.33188191953064,,,,
AB01_meander_1,lshank,hgb,300,41.29479113356948,19.80469592544129,319.51625157784514,153.23778210351355,E:\safestride\out_grid\AB01\AB01_meander_1_lshank_hgb_w300\eval\metrics_eval.json,E:\safestride\out_grid\AB01\AB01_meander_1_lshank_hgb_w300,41.29479113356948,,,,
AB01_meander_1,rshank,hgb,300,37.09078369308852,16.18790393873996,286.9879674501192,125.25304633890612,E:\safestride\out_grid\AB01\AB01_meander_1_rshank_hgb_w300\eval\metrics_eval.json,E:\safestride\out_grid\AB01\AB01_meander_1_rshank_hgb_w300,37.09078369308852,,,,
AB01_lift_weight_2_0lbs-r-r,lshank,hgb,300,37.80095759909491,15.49975646241288,292.48290030210046,119.92854181586368,E:\safestride\out_grid\AB01\AB01_lift_weight_2_0lbs-r-r_lshank_hgb_w300\eval\metrics_eval.json,E:\safestride\out_grid\AB01\AB01_lift_weight_2_0lbs-r-r_lshank_hgb_w300,37.80095759909491,,,,
AB01_lift_weight_2_0lbs-r-c,lshank,hgb,300,26.8060736307354,11.182202779588836,207.4105699750017,86.52169967299088,E:\safestride\out_grid\AB01\AB01_lift_weight_2_0lbs-r-c_lshank_hgb_w300\eval\metrics_eval.json,E:\safestride\out_grid\AB01\AB01_lift_weight_2_0lbs-r-c_lshank_hgb_w300,26.8060736307354,,,,
AB01_lift_weight_1_25lbs-r-r,lshank,hgb,300,38.40318007949652,16.21171752507335,297.1425647360831,125.4373026974686,E:\safestride\out_grid\AB01\AB01_lift_weight_1_25lbs-r-r_lshank_hgb_w300\eval\metrics_eval.json,E:\safestride\out_grid\AB01\AB01_lift_weight_1_25lbs-r-r_lshank_hgb_w300,38.40318007949652,,,,
AB01_lift_weight_1_25lbs-r-c,lshank,hgb,300,28.33687854124392,8.091815669445207,219.25509160778037,62.60999366232946,E:\safestride\out_grid\AB01\AB01_lift_weight_1_25lbs-r-c_lshank_hgb_w300\eval\metrics_eval.json,E:\safestride\out_grid\AB01\AB01_lift_weight_1_25lbs-r-c_lshank_hgb_w300,28.33687854124392,,,,
AB01_lift_weight_1_25lbs-l-l,rshank,hgb,300,44.44388593834704,19.846029863839064,343.8822052554226,153.5576012549675,E:\safestride\out_grid\AB01\AB01_lift_weight_1_25lbs-l-l_rshank_hgb_w300\eval\metrics_eval.json,E:\safestride\out_grid\AB01\AB01_lift_weight_1_25lbs-l-l_rshank_hgb_w300,44.44388593834704,,,,
AB01_jump_2_180,lathigh,hgb,300,42.75484599156718,13.6888142015229,330.8133484396866,105.91647232380862,E:\safestride\out_grid\AB01\AB01_jump_2_180_lathigh_hgb_w300\eval\metrics_eval.json,E:\safestride\out_grid\AB01\AB01_jump_2_180_lathigh_hgb_w300,42.75484599156718,,,,
AB01_jump_2_180,rathigh,hgb,300,46.02030565519204,15.16618697572662,356.0796690278028,117.34756564184696,E:\safestride\out_grid\AB01\AB01_jump_2_180_rathigh_hgb_w300\eval\metrics_eval.json,E:\safestride\out_grid\AB01\AB01_jump_2_180_rathigh_hgb_w300,46.02030565519204,,,,
AB01_jump_2_180,lshank,hgb,300,31.425060770295307,11.861717369145682,243.14973746818,91.77940769348652,E:\safestride\out_grid\AB01\AB01_jump_2_180_lshank_hgb_w300\eval\metrics_eval.json,E:\safestride\out_grid\AB01\AB01_jump_2_180_lshank_hgb_w300,31.425060770295307,,,,
AB01_jump_2_180,rshank,hgb,300,35.84758966744789,12.998995564945574,277.36881975248724,100.57903728715208,E:\safestride\out_grid\AB01\AB01_jump_2_180_rshank_hgb_w300\eval\metrics_eval.json,E:\safestride\out_grid\AB01\AB01_jump_2_180_rshank_hgb_w300,35.84758966744789,,,,
AB01_jump_1_hop,lathigh,hgb,300,25.92458121232813,7.726798186203361,200.59006923889748,59.7856902864249,E:\safestride\out_grid\AB01\AB01_jump_1_hop_lathigh_hgb_w300\eval\metrics_eval.json,E:\safestride\out_grid\AB01\AB01_jump_1_hop_lathigh_hgb_w300,25.92458121232813,,,,
AB01_jump_1_hop,rathigh,hgb,300,30.510470591287653,8.897781791506995,236.07314456857628,68.84611369468315,E:\safestride\out_grid\AB01\AB01_jump_1_hop_rathigh_hgb_w300\eval\metrics_eval.json,E:\safestride\out_grid\AB01\AB01_jump_1_hop_rathigh_hgb_w300,30.510470591287653,,,,
AB01_jump_1_hop,rpthigh,hgb,300,28.66661048574717,9.787870520676906,221.80637500312145,75.73312792841938,E:\safestride\out_grid\AB01\AB01_jump_1_hop_rpthigh_hgb_w300\eval\metrics_eval.json,E:\safestride\out_grid\AB01\AB01_jump_1_hop_rpthigh_hgb_w300,28.66661048574717,,,,
AB01_jump_1_hop,lshank,hgb,300,28.08793692062967,7.89794517225165,217.32891904952476,61.109930994511245,E:\safestride\out_grid\AB01\AB01_jump_1_hop_lshank_hgb_w300\eval\metrics_eval.json,E:\safestride\out_grid\AB01\AB01_jump_1_hop_lshank_hgb_w300,28.08793692062967,,,,
AB01_jump_1_hop,lpelvis,hgb,300,33.62722024693796,10.09802731039948,260.1888293739263,78.13294960406442,E:\safestride\out_grid\AB01\AB01_jump_1_hop_lpelvis_hgb_w300\eval\metrics_eval.json,E:\safestride\out_grid\AB01\AB01_jump_1_hop_lpelvis_hgb_w300,33.62722024693796,,,,
AB01_jump_1_hop,rpelvis,hgb,300,26.419465910080227,9.286425396179393,204.41921328463263,71.85322292942824,E:\safestride\out_grid\AB01\AB01_jump_1_hop_rpelvis_hgb_w300\eval\metrics_eval.json,E:\safestride\out_grid\AB01\AB01_jump_1_hop_rpelvis_hgb_w300,26.419465910080227,,,,
AB01_dynamic_walk_1_butt-kicks,rathigh,hgb,300,25.055140779195742,7.328692199683992,193.86282009829463,56.70536637506448,E:\safestride\out_grid\AB01\AB01_dynamic_walk_1_butt-kicks_rathigh_hgb_w300\eval\metrics_eval.json,E:\safestride\out_grid\AB01\AB01_dynamic_walk_1_butt-kicks_rathigh_hgb_w300,25.055140779195742,,,,
AB01_dynamic_walk_1_butt-kicks,lpelvis,hgb,300,25.40563586267709,6.023220264636456,196.57475717791792,46.60434666346752,E:\safestride\out_grid\AB01\AB01_dynamic_walk_1_butt-kicks_lpelvis_hgb_w300\eval\metrics_eval.json,E:\safestride\out_grid\AB01\AB01_dynamic_walk_1_butt-kicks_lpelvis_hgb_w300,25.40563586267709,,,,
AB01_cutting_1_left-fast,lshank,hgb,300,26.340512576737265,8.269838782509963,203.80831606426116,63.98743803773954,E:\safestride\out_grid\AB01\AB01_cutting_1_left-fast_lshank_hgb_w300\eval\metrics_eval.json,E:\safestride\out_grid\AB01\AB01_cutting_1_left-fast_lshank_hgb_w300,26.340512576737265,0.0,0.0,True,C:\Users\locha\Documents\safestride\data\working\AB01_cutting_1_left-fast_grf_active_shifted.csv.lag.json
AB02_ball_toss_1_left,rshank,hgb,300,33.475032098567226,10.88106369615995,259.0112816647079,84.19165202050218,E:\safestride\out_grid\AB02_ball_toss_1_left_rshank_hgb_w300\eval\metrics_eval.json,E:\safestride\out_grid\AB02_ball_toss_1_left_rshank_hgb_w300,33.475032098567226,,,,
AB02_cutting_1_left-fast,rshank,hgb,300,26.519269088921025,9.97672354650244,205.19143507637435,77.19436817820613,E:\safestride\out_grid\AB02_cutting_1_left-fast_rshank_hgb_w300\eval\metrics_eval.json,E:\safestride\out_grid\AB02_cutting_1_left-fast_rshank_hgb_w300,26.519269088921025,0.0,0.0,True,C:\Users\locha\Documents\safestride\data\working\AB02_cutting_1_left-fast_grf_active_shifted.csv.lag.json
AB02_cutting_1_left-slow,rshank,hgb,300,27.656237489142107,9.728077108129597,213.9886676432145,75.27047957685444,E:\safestride\out_grid\AB02_cutting_1_left-slow_rshank_hgb_w300\eval\metrics_eval.json,E:\safestride\out_grid\AB02_cutting_1_left-slow_rshank_hgb_w300,27.656237489142107,,,,
AB02_cutting_1_right-fast,rshank,hgb,300,30.13219346863288,10.92283722243318,233.146245437464,84.51487245977836,E:\safestride\out_grid\AB02_cutting_1_right-fast_rshank_hgb_w300\eval\metrics_eval.json,E:\safestride\out_grid\AB02_cutting_1_right-fast_rshank_hgb_w300,30.13219346863288,,,,
AB02_cutting_1_right-slow,rshank,hgb,300,26.516512645116592,10.423839541079856,205.17010723894256,80.65390442203378,E:\safestride\out_grid\AB02_cutting_1_right-slow_rshank_hgb_w300\eval\metrics_eval.json,E:\safestride\out_grid\AB02_cutting_1_right-slow_rshank_hgb_w300,26.516512645116592,,,,
AB02_jump_1_2_hop,rshank,hgb,300,31.46847664766733,11.234781056668355,243.48566551179212,86.92852129735823,E:\safestride\out_grid\AB02_jump_1_2_hop_rshank_hgb_w300\eval\metrics_eval.json,E:\safestride\out_grid\AB02_jump_1_2_hop_rshank_hgb_w300,31.46847664766733,,,,
AB02_jump_1_2_vertical,rshank,hgb,300,34.939829575000545,11.995709185809291,270.3450742846248,92.81616225325617,E:\safestride\out_grid\AB02_jump_1_2_vertical_rshank_hgb_w300\eval\metrics_eval.json,E:\safestride\out_grid\AB02_jump_1_2_vertical_rshank_hgb_w300,34.939829575000545,,,,
AB02_lift_weight_1_25lbs-l-c,rshank,hgb,300,40.023084396404215,14.57503586315865,309.67648829024193,112.77356532803392,E:\safestride\out_grid\AB02_lift_weight_1_25lbs-l-c_rshank_hgb_w300\eval\metrics_eval.json,E:\safestride\out_grid\AB02_lift_weight_1_25lbs-l-c_rshank_hgb_w300,40.023084396404215,,,,
AB02_lift_weight_1_25lbs-l-l,rshank,hgb,300,48.702785769142665,21.35241827516164,376.8352163356778,165.21320152303187,E:\safestride\out_grid\AB02_lift_weight_1_25lbs-l-l_rshank_hgb_w300\eval\metrics_eval.json,E:\safestride\out_grid\AB02_lift_weight_1_25lbs-l-l_rshank_hgb_w300,48.702785769142665,,,,
AB02_lift_weight_1_25lbs-r-c,rshank,hgb,300,44.22332448866759,19.48951220487201,342.1756227613689,150.7990648176235,E:\safestride\out_grid\AB02_lift_weight_1_25lbs-r-c_rshank_hgb_w300\eval\metrics_eval.json,E:\safestride\out_grid\AB02_lift_weight_1_25lbs-r-c_rshank_hgb_w300,44.22332448866759,,,,
AB02_lift_weight_1_25lbs-r-r,rshank,hgb,300,30.447835420825516,9.7986408947023,235.5885082661848,75.8164631249955,E:\safestride\out_grid\AB02_lift_weight_1_25lbs-r-r_rshank_hgb_w300\eval\metrics_eval.json,E:\safestride\out_grid\AB02_lift_weight_1_25lbs-r-r_rshank_hgb_w300,30.447835420825516,,,,
AB02_lift_weight_2_0lbs-l-c,rshank,hgb,300,42.23960423573956,18.84740342193469,326.82669273906964,145.83078223772776,E:\safestride\out_grid\AB02_lift_weight_2_0lbs-l-c_rshank_hgb_w300\eval\metrics_eval.json,E:\safestride\out_grid\AB02_lift_weight_2_0lbs-l-c_rshank_hgb_w300,42.23960423573956,,,,
