subject,trial,task,sensortag,rmse_%BW,mae_%BW,window_ms,bw_kg,outdir,fz_mean,fz_std,fz_min,fz_max,fz_ptp,fz_absmean,fz_p95,fz_p05,kin_rom_knee_deg,kin_knee_peak1_deg,kin_knee_peak2_deg,kin_knee_peak3_deg,kin_frontal_excursion_deg,kin_knee_var_deg,kin_omega_knee_peak_dps,kin_omega_thigh_peak_dps,kin_omega_shank_peak_dps,kin_jerk_rms,stance_count,stance_mean_dur_s,fz_peak_N,fz_peak_%BW,fz_impulse_Ns,fz_stance_dur_s,fz_ttp_s,fz_loading_rate_Ns,lag_ms
AB01,AB01_weighted_walk_1_25lbs,weighted,lathigh,4.183287530380612,1.394458567792292,300,78.9,E:\safestride\out_grid\AB01\AB01_weighted_walk_1_25lbs_lathigh_hgb_w300,443.9058387950752,387.9291117109902,-126.4323237476115,1011.916294360266,1138.3486181078774,446.5969584995808,925.109331175712,-7.955552764305854,31.88133624387752,13.664310149713518,13.549951479941608,13.49772805807862,470.084238418327,6.324800266457354,331.672606397607,271.03010249311,258.792425236441,319331.49387560907,76.0,0.04105263157895379,,,,,,,
AB01,AB01_weighted_walk_1_25lbs,weighted,rathigh,9.032067245208866,2.9927345859719723,300,78.9,E:\safestride\out_grid\AB01\AB01_weighted_walk_1_25lbs_rathigh_hgb_w300,437.51955779749824,386.7093060852545,-165.52636784031984,1012.4705455922888,1177.9969134326086,443.34636410380944,929.3718177253386,-17.800537081588665,31.88133624387752,13.664310149713518,13.549951479941608,13.49772805807862,470.084238418327,6.324800266457354,331.672606397607,271.03010249311,258.792425236441,319331.49387560907,76.0,0.04105263157895379,,,,,,,
AB01,AB01_weighted_walk_1_25lbs,weighted,lpthigh,8.921422770720778,2.996406245731736,300,78.9,E:\safestride\out_grid\AB01\AB01_weighted_walk_1_25lbs_lpthigh_hgb_w300,428.7211127755667,385.3550154188381,-123.80603472921948,1012.2689731925492,1136.0750079217687,433.6390068498423,928.0241681136306,-17.182948788582227,31.88133624387752,13.664310149713518,13.549951479941608,13.49772805807862,470.084238418327,6.324800266457354,331.672606397607,271.03010249311,258.792425236441,319331.49387560907,76.0,0.04105263157895379,,,,,,,
AB01,AB01_weighted_walk_1_25lbs,weighted,rpthigh,4.852161069996376,1.6619395406469568,300,78.9,E:\safestride\out_grid\AB01\AB01_weighted_walk_1_25lbs_rpthigh_hgb_w300,443.9678699674827,385.7836676689472,-89.95457035661848,1012.6794026747988,1102.633973031417,447.8033370785989,923.2787868744894,-12.843820774141994,31.88133624387752,13.664310149713518,13.549951479941608,13.49772805807862,470.084238418327,6.324800266457354,331.672606397607,271.03010249311,258.792425236441,319331.49387560907,76.0,0.04105263157895379,,,,,,,
AB01,AB01_weighted_walk_1_25lbs,weighted,lshank,4.568476305500951,1.5778344703617495,300,78.9,E:\safestride\out_grid\AB01\AB01_weighted_walk_1_25lbs_lshank_hgb_w300,438.2786329213835,387.004314528218,-118.23269595484084,1011.32279530913,1129.555491263971,442.3827795859914,917.2635136277072,-10.135367275340142,31.88133624387752,13.664310149713518,13.549951479941608,13.49772805807862,470.084238418327,6.324800266457354,331.672606397607,271.03010249311,258.792425236441,319331.49387560907,76.0,0.04105263157895379,,,,,,,
AB01,AB01_weighted_walk_1_25lbs,weighted,rshank,3.985386302618239,1.4956622119454888,300,78.9,E:\safestride\out_grid\AB01\AB01_weighted_walk_1_25lbs_rshank_hgb_w300,446.3251669354413,388.4001912476226,-49.27392316514232,1012.0166590105146,1061.290582175657,448.78298854425697,929.8660565841548,-8.384883107213346,31.88133624387752,13.664310149713518,13.549951479941608,13.49772805807862,470.084238418327,6.324800266457354,331.672606397607,271.03010249311,258.792425236441,319331.49387560907,76.0,0.04105263157895379,,,,,,,
AB01,AB01_weighted_walk_1_25lbs,weighted,lpelvis,9.90527303257075,3.2776818780683845,300,78.9,E:\safestride\out_grid\AB01\AB01_weighted_walk_1_25lbs_lpelvis_hgb_w300,428.5700909921438,385.167489945639,-184.19240638388467,1011.2616530977948,1195.4540594816797,434.6343170281635,921.9325407264504,-18.395647539068545,31.88133624387752,13.664310149713518,13.549951479941608,13.49772805807862,470.084238418327,6.324800266457354,331.672606397607,271.03010249311,258.792425236441,319331.49387560907,76.0,0.04105263157895379,,,,,,,
AB01,AB01_weighted_walk_1_25lbs,weighted,rpelvis,6.186080166367153,1.7404646347203092,300,78.9,E:\safestride\out_grid\AB01\AB01_weighted_walk_1_25lbs_rpelvis_hgb_w300,446.7692300013524,387.9774858871463,-65.0189400479423,1011.6337355434184,1076.6526755913608,449.1428486066114,924.19156497651,-8.32960304284896,31.88133624387752,13.664310149713518,13.549951479941608,13.49772805807862,470.084238418327,6.324800266457354,331.672606397607,271.03010249311,258.792425236441,319331.49387560907,76.0,0.04105263157895379,,,,,,,
AB01,AB01_turn_and_step_1_left-turn,turn,lathigh,19.33317042928025,6.815116627020637,300,78.9,E:\safestride\out_grid\AB01\AB01_turn_and_step_1_left-turn_lathigh_hgb_w300,679.6620929135337,216.5911325467792,-198.1942642270172,1172.3700817560523,1370.5643459830694,682.5457991770685,849.9646848068122,52.04698437967314,41.33693966505257,31.188966692751062,31.180221050164143,31.161560509049345,418.6893447030602,9.188338183286572,359.897844048308,314.725991821456,271.188371636558,168965.20435237302,35.0,0.07714285714285714,,,,,,,
AB01,AB01_turn_and_step_1_left-turn,turn,rathigh,14.832838829388317,4.905763928564483,300,78.9,E:\safestride\out_grid\AB01\AB01_turn_and_step_1_left-turn_rathigh_hgb_w300,680.9491268550161,222.73200061244464,-189.54623763878044,1175.0863109806414,1364.632548619422,684.997848116548,857.5236155729866,34.58473705081129,41.33693966505257,31.188966692751062,31.180221050164143,31.161560509049345,418.6893447030602,9.188338183286572,359.897844048308,314.725991821456,271.188371636558,168965.20435237302,35.0,0.07714285714285714,,,,,,,
AB01,AB01_turn_and_step_1_left-turn,turn,lpthigh,13.639126965930664,5.060698028110233,300,78.9,E:\safestride\out_grid\AB01\AB01_turn_and_step_1_left-turn_lpthigh_hgb_w300,667.6697619940345,240.80503165025252,-192.9374998039605,1168.6292786907286,1361.566778494689,671.5680326849327,859.075267699872,9.25479694286381,41.33693966505257,31.188966692751062,31.180221050164143,31.161560509049345,418.6893447030602,9.188338183286572,359.897844048308,314.725991821456,271.188371636558,168965.20435237302,35.0,0.07714285714285714,,,,,,,
AB01,AB01_turn_and_step_1_left-turn,turn,rpthigh,17.796427154564693,6.301902506819985,300,78.9,E:\safestride\out_grid\AB01\AB01_turn_and_step_1_left-turn_rpthigh_hgb_w300,679.4912075729642,215.98755262308327,-227.5097416759296,1176.8521740838682,1404.3619157597975,682.9709465379407,855.1548976990389,77.44809272205238,41.33693966505257,31.188966692751062,31.180221050164143,31.161560509049345,418.6893447030602,9.188338183286572,359.897844048308,314.725991821456,271.188371636558,168965.20435237302,35.0,0.07714285714285714,,,,,,,
AB01,AB01_turn_and_step_1_left-turn,turn,lshank,12.9469475731425,4.205096731594708,300,78.9,E:\safestride\out_grid\AB01\AB01_turn_and_step_1_left-turn_lshank_hgb_w300,675.8511301804059,227.1953725933361,-154.3486468125844,1174.589887460032,1328.9385342726164,678.6084331431553,849.828234758465,25.11037013627779,41.33693966505257,31.188966692751062,31.180221050164143,31.161560509049345,418.6893447030602,9.188338183286572,359.897844048308,314.725991821456,271.188371636558,168965.20435237302,35.0,0.07714285714285714,,,,,,,
AB01,AB01_turn_and_step_1_left-turn,turn,rshank,17.207843701082773,7.270153561345396,300,78.9,E:\safestride\out_grid\AB01\AB01_turn_and_step_1_left-turn_rshank_hgb_w300,418.90673691071646,358.1701789250566,-214.1807699361461,1131.800408843148,1345.9811787792942,430.03796347936975,817.5018673725682,-35.18093672317631,41.33693966505257,31.188966692751062,31.180221050164143,31.161560509049345,418.6893447030602,9.188338183286572,359.897844048308,314.725991821456,271.188371636558,168965.20435237302,35.0,0.07714285714285714,,,,,,,
AB01,AB01_turn_and_step_1_left-turn,turn,lpelvis,16.184841805602222,5.550118036030213,300,78.9,E:\safestride\out_grid\AB01\AB01_turn_and_step_1_left-turn_lpelvis_hgb_w300,677.6567076275288,221.2309991353963,-168.78689858760274,1177.6798681900077,1346.4667667776105,680.0927775818304,850.2741518833201,42.66012526336018,41.33693966505257,31.188966692751062,31.180221050164143,31.161560509049345,418.6893447030602,9.188338183286572,359.897844048308,314.725991821456,271.188371636558,168965.20435237302,35.0,0.07714285714285714,,,,,,,
AB01,AB01_turn_and_step_1_left-turn,turn,rpelvis,16.421416639691078,5.8250575322441644,300,78.9,E:\safestride\out_grid\AB01\AB01_turn_and_step_1_left-turn_rpelvis_hgb_w300,667.5175978686475,237.2487189361094,-192.7092633229068,1172.448110493292,1365.1573738161987,670.5593726650438,852.5601808512027,23.217097777345483,41.33693966505257,31.188966692751062,31.180221050164143,31.161560509049345,418.6893447030602,9.188338183286572,359.897844048308,314.725991821456,271.188371636558,168965.20435237302,35.0,0.07714285714285714,,,,,,,
AB01,AB01_tire_run_1,tire,lathigh,19.219080343039792,8.606877440881945,300,78.9,E:\safestride\out_grid\AB01\AB01_tire_run_1_lathigh_hgb_w300,682.0399466187721,440.7921794384289,-460.47381114410047,1777.3222001322004,2237.7960112763008,686.4998333650215,1320.4405569398284,34.75908963164524,42.45740466863002,15.620736622327456,15.58871204570238,15.586185036721943,587.7396051552,8.4876421398119,565.984158327862,405.11914684475,362.106549640971,396588.09225400054,90.0,0.038166666666665856,,,,,,,
AB01,AB01_tire_run_1,tire,rathigh,17.955471826768353,8.38941950224933,300,78.9,E:\safestride\out_grid\AB01\AB01_tire_run_1_rathigh_hgb_w300,682.6169186252378,441.2684536300424,-430.2783094739848,1782.3683311011291,2212.646640575114,687.383764131136,1323.9769758595785,25.20420573823356,42.45740466863002,15.620736622327456,15.58871204570238,15.586185036721943,587.7396051552,8.4876421398119,565.984158327862,405.11914684475,362.106549640971,396588.09225400054,90.0,0.038166666666665856,,,,,,,
AB01,AB01_tire_run_1,tire,lpthigh,18.61432298332105,7.871856387423107,300,78.9,E:\safestride\out_grid\AB01\AB01_tire_run_1_lpthigh_hgb_w300,683.7882048716573,449.42266627209705,-341.54322645193866,1779.488193512891,2121.0314199648296,690.8645267158792,1319.7000583208585,2.484931749270311,42.45740466863002,15.620736622327456,15.58871204570238,15.586185036721943,587.7396051552,8.4876421398119,565.984158327862,405.11914684475,362.106549640971,396588.09225400054,90.0,0.038166666666665856,,,,,,,
AB01,AB01_tire_run_1,tire,rpthigh,16.210448705981328,7.139974997347919,300,78.9,E:\safestride\out_grid\AB01\AB01_tire_run_1_rpthigh_hgb_w300,669.8487868525073,458.88264676772354,-556.35899099634,1780.4248078352634,2336.7837988316032,680.977427110095,1323.5971469195126,-18.796205913603764,42.45740466863002,15.620736622327456,15.58871204570238,15.586185036721943,587.7396051552,8.4876421398119,565.984158327862,405.11914684475,362.106549640971,396588.09225400054,90.0,0.038166666666665856,,,,,,,
AB01,AB01_tire_run_1,tire,lshank,17.13599835218112,7.407326897357151,300,78.9,E:\safestride\out_grid\AB01\AB01_tire_run_1_lshank_hgb_w300,679.4486516417375,448.20206234952633,-255.49219732106903,1779.9899997014252,2035.482197022494,683.6787615629254,1319.8006453596104,19.94439545149387,42.45740466863002,15.620736622327456,15.58871204570238,15.586185036721943,587.7396051552,8.4876421398119,565.984158327862,405.11914684475,362.106549640971,396588.09225400054,90.0,0.038166666666665856,,,,,,,
AB01,AB01_tire_run_1,tire,rshank,18.04273612680848,7.61344037677566,300,78.9,E:\safestride\out_grid\AB01\AB01_tire_run_1_rshank_hgb_w300,682.8999000247942,447.80675302228735,-281.19653487598293,1777.869663206856,2059.066198082839,687.7234631723187,1323.8613228028553,18.34184470487336,42.45740466863002,15.620736622327456,15.58871204570238,15.586185036721943,587.7396051552,8.4876421398119,565.984158327862,405.11914684475,362.106549640971,396588.09225400054,90.0,0.038166666666665856,,,,,,,
AB01,AB01_tire_run_1,tire,lpelvis,15.350076473070857,6.811285733930315,300,78.9,E:\safestride\out_grid\AB01\AB01_tire_run_1_lpelvis_hgb_w300,675.3103768259862,447.9712613163756,-235.4493422866616,1777.5324396361168,2012.9817819227785,680.2100296882784,1319.502734944267,7.764533457056397,42.45740466863002,15.620736622327456,15.58871204570238,15.586185036721943,587.7396051552,8.4876421398119,565.984158327862,405.11914684475,362.106549640971,396588.09225400054,90.0,0.038166666666665856,,,,,,,
AB01,AB01_tire_run_1,tire,rpelvis,16.990422744727457,6.7525900788816005,300,78.9,E:\safestride\out_grid\AB01\AB01_tire_run_1_rpelvis_hgb_w300,673.0870904134584,455.97814936475567,-240.72125924019284,1777.124175390873,2017.845434631066,679.146510131499,1323.4276659120908,-1.4093993297108236,42.45740466863002,15.620736622327456,15.58871204570238,15.586185036721943,587.7396051552,8.4876421398119,565.984158327862,405.11914684475,362.106549640971,396588.09225400054,90.0,0.038166666666665856,,,,,,,
AB01,AB01_step_ups_2_right,step,lathigh,6.967407700759474,2.297004266479556,300,78.9,E:\safestride\out_grid\AB01\AB01_step_ups_2_right_lathigh_hgb_w300,791.2026349635225,261.8664944676791,337.2111387241205,1613.3194158540273,1276.1082771299068,791.2026349635225,1385.09122098089,493.8275061697209,31.666312963432944,28.39313976212655,28.378816526030352,28.34988354088976,304.1808106816817,7.375928662181412,338.940378466986,243.689893434303,270.722634697433,281515.29770453234,33.0,0.02560606060606006,,,,,,,
AB01,AB01_step_ups_2_right,step,rathigh,6.41476708072966,2.0171410042940976,300,78.9,E:\safestride\out_grid\AB01\AB01_step_ups_2_right_rathigh_hgb_w300,789.434453719254,259.9426863717494,333.5356013805374,1613.2671247607316,1279.7315233801942,789.434453719254,1392.671313387114,504.0343212055071,31.666312963432944,28.39313976212655,28.378816526030352,28.34988354088976,304.1808106816817,7.375928662181412,338.940378466986,243.689893434303,270.722634697433,281515.29770453234,33.0,0.02560606060606006,,,,,,,
AB01,AB01_step_ups_2_right,step,lpthigh,6.694661653702338,2.125551513605267,300,78.9,E:\safestride\out_grid\AB01\AB01_step_ups_2_right_lpthigh_hgb_w300,792.4981965429168,256.95135406998725,334.2084835289009,1613.6021277222285,1279.3936441933276,792.4981965429168,1368.6291526284529,512.0023999052152,31.666312963432944,28.39313976212655,28.378816526030352,28.34988354088976,304.1808106816817,7.375928662181412,338.940378466986,243.689893434303,270.722634697433,281515.29770453234,33.0,0.02560606060606006,,,,,,,
AB01,AB01_step_ups_2_right,step,rpthigh,7.4385832660425075,2.4588325250790244,300,78.9,E:\safestride\out_grid\AB01\AB01_step_ups_2_right_rpthigh_hgb_w300,793.8744473271892,261.98875397455856,328.2116909184196,1613.5100863116545,1285.2983953932348,793.8744473271892,1385.794671917999,495.0784524789297,31.666312963432944,28.39313976212655,28.378816526030352,28.34988354088976,304.1808106816817,7.375928662181412,338.940378466986,243.689893434303,270.722634697433,281515.29770453234,33.0,0.02560606060606006,,,,,,,
AB01,AB01_step_ups_2_right,step,lshank,6.263791127117123,1.9529241781037656,300,78.9,E:\safestride\out_grid\AB01\AB01_step_ups_2_right_lshank_hgb_w300,783.6059649300305,253.6442824274841,333.52100851736776,1613.4319161229685,1279.9109076056006,783.6059649300305,1357.1509932818974,486.0004874102863,31.666312963432944,28.39313976212655,28.378816526030352,28.34988354088976,304.1808106816817,7.375928662181412,338.940378466986,243.689893434303,270.722634697433,281515.29770453234,33.0,0.02560606060606006,,,,,,,
AB01,AB01_step_ups_2_right,step,rshank,18.5473744847184,5.711706214393999,300,78.9,E:\safestride\out_grid\AB01\AB01_step_ups_2_right_rshank_hgb_w300,786.9299618563489,240.6248557805468,334.9814102842548,1614.1838281299663,1279.2024178457114,786.9299618563489,1352.3738161763993,501.8406775838153,31.666312963432944,28.39313976212655,28.378816526030352,28.34988354088976,304.1808106816817,7.375928662181412,338.940378466986,243.689893434303,270.722634697433,281515.29770453234,33.0,0.02560606060606006,,,,,,,
AB01,AB01_step_ups_2_right,step,lpelvis,6.971895426336625,2.2968379448158203,300,78.9,E:\safestride\out_grid\AB01\AB01_step_ups_2_right_lpelvis_hgb_w300,791.9648701119938,259.51645107563536,334.43120888810466,1613.9458699286513,1279.5146610405466,791.9648701119938,1391.4344430376016,496.2393547968729,31.666312963432944,28.39313976212655,28.378816526030352,28.34988354088976,304.1808106816817,7.375928662181412,338.940378466986,243.689893434303,270.722634697433,281515.29770453234,33.0,0.02560606060606006,,,,,,,
AB01,AB01_step_ups_2_right,step,rpelvis,9.573328180063928,2.965719202493819,300,78.9,E:\safestride\out_grid\AB01\AB01_step_ups_2_right_rpelvis_hgb_w300,777.9699394674556,246.98159886270665,333.4438226659215,1613.149703816424,1279.7058811505026,777.9699394674556,1356.600323111436,488.6592429231574,31.666312963432944,28.39313976212655,28.378816526030352,28.34988354088976,304.1808106816817,7.375928662181412,338.940378466986,243.689893434303,270.722634697433,281515.29770453234,33.0,0.02560606060606006,,,,,,,
AB01,AB01_step_ups_2_left,step,lathigh,5.482833403948075,1.8169917829069533,300,78.9,E:\safestride\out_grid\AB01\AB01_step_ups_2_left_lathigh_hgb_w300,787.8183193401554,254.96803679528657,341.2534221275268,1622.1391465016768,1280.88572437415,787.8183193401554,1364.0245430261227,484.15608370702864,60.89369434104394,2.4563668877621367,2.2848475027309263,2.2287412637644266,557.3959604277579,13.570835237589513,244.1078139265958,261.782244922966,111.878703510484,181684.4449665705,28.0,0.0332142857143027,,,,,,,
AB01,AB01_step_ups_2_left,step,rathigh,7.479011012529212,2.5350972425125025,300,78.9,E:\safestride\out_grid\AB01\AB01_step_ups_2_left_rathigh_hgb_w300,788.0989939632387,250.48463429104265,342.7699287891304,1622.3494711493097,1279.5795423601794,788.0989939632387,1338.6033870497365,479.97355053409694,60.89369434104394,2.4563668877621367,2.2848475027309263,2.2287412637644266,557.3959604277579,13.570835237589513,244.1078139265958,261.782244922966,111.878703510484,181684.4449665705,28.0,0.0332142857143027,,,,,,,
AB01,AB01_step_ups_2_left,step,lpthigh,9.174998620975344,2.497176832273456,300,78.9,E:\safestride\out_grid\AB01\AB01_step_ups_2_left_lpthigh_hgb_w300,793.0774717177482,259.66543965087664,340.0475127911143,1622.4399640346517,1282.3924512435374,793.0774717177482,1348.6028168855798,483.6907003995049,60.89369434104394,2.4563668877621367,2.2848475027309263,2.2287412637644266,557.3959604277579,13.570835237589513,244.1078139265958,261.782244922966,111.878703510484,181684.4449665705,28.0,0.0332142857143027,,,,,,,
AB01,AB01_step_ups_2_left,step,rpthigh,5.246432633316463,1.942530414551624,300,78.9,E:\safestride\out_grid\AB01\AB01_step_ups_2_left_rpthigh_hgb_w300,788.0398577365971,256.40170819798715,337.6191932477016,1621.8186686051286,1284.199475357427,788.0398577365971,1347.818055072766,479.86836265029626,60.89369434104394,2.4563668877621367,2.2848475027309263,2.2287412637644266,557.3959604277579,13.570835237589513,244.1078139265958,261.782244922966,111.878703510484,181684.4449665705,28.0,0.0332142857143027,,,,,,,
AB01,AB01_step_ups_2_left,step,lshank,16.926983780084086,5.079175752658576,300,78.9,E:\safestride\out_grid\AB01\AB01_step_ups_2_left_lshank_hgb_w300,797.6672552884885,252.83778708374723,335.7683902150335,1622.975090698887,1287.2067004838536,797.6672552884885,1353.388950031944,484.5736542999612,60.89369434104394,2.4563668877621367,2.2848475027309263,2.2287412637644266,557.3959604277579,13.570835237589513,244.1078139265958,261.782244922966,111.878703510484,181684.4449665705,28.0,0.0332142857143027,,,,,,,
AB01,AB01_step_ups_2_left,step,rshank,6.523549516056429,2.128301579802246,300,78.9,E:\safestride\out_grid\AB01\AB01_step_ups_2_left_rshank_hgb_w300,787.8018266921399,263.4135875115842,341.61390943907617,1622.026021704051,1280.412112264975,787.8018266921399,1343.287867707302,449.6109960173065,60.89369434104394,2.4563668877621367,2.2848475027309263,2.2287412637644266,557.3959604277579,13.570835237589513,244.1078139265958,261.782244922966,111.878703510484,181684.4449665705,28.0,0.0332142857143027,,,,,,,
AB01,AB01_step_ups_2_left,step,lpelvis,4.9185276373282,1.7065728368587016,300,78.9,E:\safestride\out_grid\AB01\AB01_step_ups_2_left_lpelvis_hgb_w300,788.1428995779296,250.3267151159872,342.9742084836826,1622.230784687519,1279.2565762038364,788.1428995779296,1332.1038433296114,483.8020518039608,60.89369434104394,2.4563668877621367,2.2848475027309263,2.2287412637644266,557.3959604277579,13.570835237589513,244.1078139265958,261.782244922966,111.878703510484,181684.4449665705,28.0,0.0332142857143027,,,,,,,
AB01,AB01_step_ups_2_left,step,rpelvis,6.032982683991437,2.067146560573533,300,78.9,E:\safestride\out_grid\AB01\AB01_step_ups_2_left_rpelvis_hgb_w300,786.5196313234914,249.77038018144532,340.3312242386202,1621.856000047051,1281.5247758084308,786.5196313234914,1330.71629868127,470.0783724829552,60.89369434104394,2.4563668877621367,2.2848475027309263,2.2287412637644266,557.3959604277579,13.570835237589513,244.1078139265958,261.782244922966,111.878703510484,181684.4449665705,28.0,0.0332142857143027,,,,,,,
AB01,AB01_squats_1_25lbs,squats,lathigh,8.042192631976093,3.0787467414448386,300,78.9,E:\safestride\out_grid\AB01\AB01_squats_1_25lbs_lathigh_hgb_w300,877.0501439181022,283.771112538211,199.8408746920228,1821.189077377116,1621.3482026850934,877.0501439181022,1446.8916667497829,481.6085680998256,37.614260481456775,33.9710185436906,33.94625376068284,33.90512585018436,468.2823969492368,8.779489990303576,226.33328309284377,248.948483397052,71.5826296339706,143927.07104722076,24.0,0.04729166666666776,,,,,,,
AB01,AB01_squats_1_25lbs,squats,rathigh,3.3322298267134745,1.126055620544321,300,78.9,E:\safestride\out_grid\AB01\AB01_squats_1_25lbs_rathigh_hgb_w300,894.193626668866,286.64413779533004,201.3697537370732,1821.6784246282548,1620.3086708911817,894.193626668866,1446.676322253015,482.3963171061009,37.614260481456775,33.9710185436906,33.94625376068284,33.90512585018436,468.2823969492368,8.779489990303576,226.33328309284377,248.948483397052,71.5826296339706,143927.07104722076,24.0,0.04729166666666776,,,,,,,
AB01,AB01_squats_1_25lbs,squats,lpthigh,5.494874025313866,1.964299755898837,300,78.9,E:\safestride\out_grid\AB01\AB01_squats_1_25lbs_lpthigh_hgb_w300,890.4701994563098,289.71235332832885,203.5479189521692,1821.1352624281656,1617.5873434759965,890.4701994563098,1447.9611094713443,482.7391079913796,37.614260481456775,33.9710185436906,33.94625376068284,33.90512585018436,468.2823969492368,8.779489990303576,226.33328309284377,248.948483397052,71.5826296339706,143927.07104722076,24.0,0.04729166666666776,,,,,,,
AB01,AB01_squats_1_25lbs,squats,rpthigh,8.621685955523597,3.500823310535743,300,78.9,E:\safestride\out_grid\AB01\AB01_squats_1_25lbs_rpthigh_hgb_w300,889.351654449244,299.60861659955515,190.5513985853761,1821.3651636142413,1630.8137650288652,889.351654449244,1447.3599067161033,475.7758271054967,37.614260481456775,33.9710185436906,33.94625376068284,33.90512585018436,468.2823969492368,8.779489990303576,226.33328309284377,248.948483397052,71.5826296339706,143927.07104722076,24.0,0.04729166666666776,,,,,,,
AB01,AB01_squats_1_25lbs,squats,lshank,14.948412286175774,5.0959533751244175,300,78.9,E:\safestride\out_grid\AB01\AB01_squats_1_25lbs_lshank_hgb_w300,904.8670682132324,300.30599408696065,202.8374674555513,1821.7213557927469,1618.8838883371957,904.8670682132324,1505.5758503885577,482.1842358882849,37.614260481456775,33.9710185436906,33.94625376068284,33.90512585018436,468.2823969492368,8.779489990303576,226.33328309284377,248.948483397052,71.5826296339706,143927.07104722076,24.0,0.04729166666666776,,,,,,,
AB01,AB01_squats_1_25lbs,squats,rshank,9.820227879074878,3.431029868444089,300,78.9,E:\safestride\out_grid\AB01\AB01_squats_1_25lbs_rshank_hgb_w300,915.5209064619526,307.82563197655463,213.50643015357,1821.1564537312,1607.65002357763,915.5209064619526,1556.2275980210736,483.602188794542,37.614260481456775,33.9710185436906,33.94625376068284,33.90512585018436,468.2823969492368,8.779489990303576,226.33328309284377,248.948483397052,71.5826296339706,143927.07104722076,24.0,0.04729166666666776,,,,,,,
AB01,AB01_squats_1_25lbs,squats,lpelvis,4.125791876817415,1.383381858214842,300,78.9,E:\safestride\out_grid\AB01\AB01_squats_1_25lbs_lpelvis_hgb_w300,892.0076002183058,282.8505537619436,201.52573750993025,1821.4175780923008,1619.8918405823706,892.0076002183058,1447.6308133626485,483.4118610723233,37.614260481456775,33.9710185436906,33.94625376068284,33.90512585018436,468.2823969492368,8.779489990303576,226.33328309284377,248.948483397052,71.5826296339706,143927.07104722076,24.0,0.04729166666666776,,,,,,,
AB01,AB01_squats_1_25lbs,squats,rpelvis,7.989890375485185,3.082575534625617,300,78.9,E:\safestride\out_grid\AB01\AB01_squats_1_25lbs_rpelvis_hgb_w300,896.2553326691191,299.34704402312235,200.51558167959803,1820.220044675164,1619.704462995566,896.2553326691191,1472.7199115651003,488.83865191432295,37.614260481456775,33.9710185436906,33.94625376068284,33.90512585018436,468.2823969492368,8.779489990303576,226.33328309284377,248.948483397052,71.5826296339706,143927.07104722076,24.0,0.04729166666666776,,,,,,,
AB01,AB01_side_shuffle_1,side,lathigh,8.035202746305508,3.033659499698895,300,78.9,E:\safestride\out_grid\AB01\AB01_side_shuffle_1_lathigh_hgb_w300,768.0734109734782,264.9982660811441,-101.24423372412248,1405.4740096945964,1506.7182434187189,768.2751085173778,1197.3745436048766,197.062618372198,44.66712764859125,40.28321670915516,40.26360575789416,40.19345929902003,453.9684753735735,9.546976076474929,541.780413117059,423.65532402568,364.702595261466,299212.2417238809,27.0,0.04425925925925832,,,,,,,
AB01,AB01_side_shuffle_1,side,rathigh,11.82429672647786,3.95775966985499,300,78.9,E:\safestride\out_grid\AB01\AB01_side_shuffle_1_rathigh_hgb_w300,768.4213070811803,267.6772792430594,-41.296987508419846,1404.5702771939466,1445.8672647023664,768.4994306263995,1197.1480546196676,201.7129388181632,44.66712764859125,40.28321670915516,40.26360575789416,40.19345929902003,453.9684753735735,9.546976076474929,541.780413117059,423.65532402568,364.702595261466,299212.2417238809,27.0,0.04425925925925832,,,,,,,
AB01,AB01_side_shuffle_1,side,lpthigh,10.150068927159014,3.842354339813326,300,78.9,E:\safestride\out_grid\AB01\AB01_side_shuffle_1_lpthigh_hgb_w300,767.290914221318,261.08344550754003,-23.74734277204493,1404.12915365284,1427.8764964248849,767.3146853352039,1204.1550553971551,219.1315721762464,44.66712764859125,40.28321670915516,40.26360575789416,40.19345929902003,453.9684753735735,9.546976076474929,541.780413117059,423.65532402568,364.702595261466,299212.2417238809,27.0,0.04425925925925832,,,,,,,
AB01,AB01_side_shuffle_1,side,rpthigh,10.428800274229964,3.8413320240366233,300,78.9,E:\safestride\out_grid\AB01\AB01_side_shuffle_1_rpthigh_hgb_w300,767.8761211558531,262.4881636376353,42.79374224626715,1405.137014316098,1362.3432720698308,767.8761211558531,1190.2834747776708,228.44687781872955,44.66712764859125,40.28321670915516,40.26360575789416,40.19345929902003,453.9684753735735,9.546976076474929,541.780413117059,423.65532402568,364.702595261466,299212.2417238809,27.0,0.04425925925925832,,,,,,,
AB01,AB01_side_shuffle_1,side,lshank,7.915117305886273,3.0062024736792465,300,78.9,E:\safestride\out_grid\AB01\AB01_side_shuffle_1_lshank_hgb_w300,770.7814097523341,264.10297638703923,-24.028448188213105,1404.165427724755,1428.1938759129682,770.8233014834428,1198.506293659119,225.6480964656343,44.66712764859125,40.28321670915516,40.26360575789416,40.19345929902003,453.9684753735735,9.546976076474929,541.780413117059,423.65532402568,364.702595261466,299212.2417238809,27.0,0.04425925925925832,,,,,,,
AB01,AB01_side_shuffle_1,side,rshank,11.636173276322824,4.125749519343758,300,78.9,E:\safestride\out_grid\AB01\AB01_side_shuffle_1_rshank_hgb_w300,768.6834552823191,262.3023948060073,-5.238436725606561,1404.4745233850774,1409.712960110684,768.6886989627251,1200.9208146580304,223.178996809087,44.66712764859125,40.28321670915516,40.26360575789416,40.19345929902003,453.9684753735735,9.546976076474929,541.780413117059,423.65532402568,364.702595261466,299212.2417238809,27.0,0.04425925925925832,,,,,,,
AB01,AB01_side_shuffle_1,side,lpelvis,7.133000320523043,2.680356845002103,300,78.9,E:\safestride\out_grid\AB01\AB01_side_shuffle_1_lpelvis_hgb_w300,773.8301571378953,270.85973711888886,-21.15642117854643,1405.1977606586836,1426.35418183723,773.8528267723453,1205.889571527969,191.13105004810228,44.66712764859125,40.28321670915516,40.26360575789416,40.19345929902003,453.9684753735735,9.546976076474929,541.780413117059,423.65532402568,364.702595261466,299212.2417238809,27.0,0.04425925925925832,,,,,,,
AB01,AB01_side_shuffle_1,side,rpelvis,9.01209425428501,3.1887069018052814,300,78.9,E:\safestride\out_grid\AB01\AB01_side_shuffle_1_rpelvis_hgb_w300,772.1708628557282,273.0885271768793,-150.83432539490127,1404.4431572030985,1555.2774825979998,773.2272291293707,1202.578089348636,206.64189806347224,44.66712764859125,40.28321670915516,40.26360575789416,40.19345929902003,453.9684753735735,9.546976076474929,541.780413117059,423.65532402568,364.702595261466,299212.2417238809,27.0,0.04425925925925832,,,,,,,
AB01,AB01_obstacle_walk_1,obstacle,lathigh,5.761402565766407,2.60381377793824,300,78.9,E:\safestride\out_grid\AB01\AB01_obstacle_walk_1_lathigh_hgb_w300,393.399670503665,350.0967189201312,-199.57335406286904,1748.8663559979052,1948.4397100607744,401.8127290860536,857.1247748783647,-28.76926869137134,62.58018546868834,42.54145780219096,42.5243813020497,42.43710906049424,660.3996732250789,10.507320355062003,553.2352140910609,415.138187413701,294.686981777826,350420.61969793786,254.0,0.04574803149606202,,,,,,,
AB01,AB01_obstacle_walk_1,obstacle,rathigh,9.295379865050402,4.575724594409598,300,78.9,E:\safestride\out_grid\AB01\AB01_obstacle_walk_1_rathigh_hgb_w300,393.5082458442649,347.17257884202,-296.10743632782123,1751.1268841172898,2047.234320445111,408.68945028106975,854.4582908597279,-52.47286335808653,62.58018546868834,42.54145780219096,42.5243813020497,42.43710906049424,660.3996732250789,10.507320355062003,553.2352140910609,415.138187413701,294.686981777826,350420.61969793786,254.0,0.04574803149606202,,,,,,,
AB01,AB01_obstacle_walk_1,obstacle,lpthigh,10.95306158429377,5.385419950547594,300,78.9,E:\safestride\out_grid\AB01\AB01_obstacle_walk_1_lpthigh_hgb_w300,398.21695514347147,338.8807595221774,-206.07355572808183,1747.9674471778894,1954.0410029059717,409.4491843789509,856.8927244057436,-42.23274140651725,62.58018546868834,42.54145780219096,42.5243813020497,42.43710906049424,660.3996732250789,10.507320355062003,553.2352140910609,415.138187413701,294.686981777826,350420.61969793786,254.0,0.04574803149606202,,,,,,,
AB01,AB01_obstacle_walk_1,obstacle,rpthigh,6.009110250467111,2.9118963691310493,300,78.9,E:\safestride\out_grid\AB01\AB01_obstacle_walk_1_rpthigh_hgb_w300,393.1432119279414,349.4849977304437,-199.02269694692,1740.9040294362485,1939.9267263831684,402.5680838867041,859.9236372860189,-31.78990590802055,62.58018546868834,42.54145780219096,42.5243813020497,42.43710906049424,660.3996732250789,10.507320355062003,553.2352140910609,415.138187413701,294.686981777826,350420.61969793786,254.0,0.04574803149606202,,,,,,,
AB01,AB01_obstacle_walk_1,obstacle,lshank,6.463202888306611,2.5952774465605897,300,78.9,E:\safestride\out_grid\AB01\AB01_obstacle_walk_1_lshank_hgb_w300,391.1017705428215,350.7414252482382,-179.37736769139457,1749.3784923195835,1928.755860010978,399.53189289163697,857.1425152394982,-30.278876469394945,62.58018546868834,42.54145780219096,42.5243813020497,42.43710906049424,660.3996732250789,10.507320355062003,553.2352140910609,415.138187413701,294.686981777826,350420.61969793786,254.0,0.04574803149606202,,,,,,,
AB01,AB01_obstacle_walk_1,obstacle,rshank,12.215365656908007,5.501483089810454,300,78.9,E:\safestride\out_grid\AB01\AB01_obstacle_walk_1_rshank_hgb_w300,403.2790720531799,342.3995547152062,-236.54979151899235,1747.455871024751,1984.0056625437437,416.62677633259005,854.0135692663921,-51.60351759433951,62.58018546868834,42.54145780219096,42.5243813020497,42.43710906049424,660.3996732250789,10.507320355062003,553.2352140910609,415.138187413701,294.686981777826,350420.61969793786,254.0,0.04574803149606202,,,,,,,
AB01,AB01_obstacle_walk_1,obstacle,lpelvis,6.238043929683839,3.153314461707972,300,78.9,E:\safestride\out_grid\AB01\AB01_obstacle_walk_1_lpelvis_hgb_w300,396.6659197755097,347.0968722574157,-222.2555793239578,1751.4807498673742,1973.736329191332,406.2943310063153,858.0584912928975,-37.378550186198815,62.58018546868834,42.54145780219096,42.5243813020497,42.43710906049424,660.3996732250789,10.507320355062003,553.2352140910609,415.138187413701,294.686981777826,350420.61969793786,254.0,0.04574803149606202,,,,,,,
AB01,AB01_obstacle_walk_1,obstacle,rpelvis,5.186648328018351,2.5344578326881173,300,78.9,E:\safestride\out_grid\AB01\AB01_obstacle_walk_1_rpelvis_hgb_w300,392.9450059620965,350.8307242185763,-443.8216366895322,1743.974251809831,2187.795888499363,401.3380414529785,856.1649921345638,-28.368404585399865,62.58018546868834,42.54145780219096,42.5243813020497,42.43710906049424,660.3996732250789,10.507320355062003,553.2352140910609,415.138187413701,294.686981777826,350420.61969793786,254.0,0.04574803149606202,,,,,,,
AB01,AB01_normal_walk_1_skip,normal,lathigh,10.711761053904334,3.9570651057371418,300,78.9,E:\safestride\out_grid\AB01\AB01_normal_walk_1_skip_lathigh_hgb_w300,399.9889798751804,540.1482957833097,-240.7440854816888,1666.3687785400348,1907.112864021724,412.31356257583946,1467.0890587841914,-34.19347293859067,55.26010760159517,29.169540464341253,29.15097117293118,29.07869845380972,820.4174270090464,10.877270041036892,451.297926049612,353.394670675377,421.165064375051,563226.0176142978,83.0,0.02427710843371286,,,,,,,
AB01,AB01_normal_walk_1_skip,normal,rathigh,12.415254885942993,5.304887470763152,300,78.9,E:\safestride\out_grid\AB01\AB01_normal_walk_1_skip_rathigh_hgb_w300,385.5538005276322,533.8292807273261,-171.40958347458832,1668.950284544571,1840.3598680191596,402.8503812774891,1457.172674562694,-50.266107206976486,55.26010760159517,29.169540464341253,29.15097117293118,29.07869845380972,820.4174270090464,10.877270041036892,451.297926049612,353.394670675377,421.165064375051,563226.0176142978,83.0,0.02427710843371286,,,,,,,
AB01,AB01_normal_walk_1_skip,normal,lpthigh,15.86304409153237,6.17296858696828,300,78.9,E:\safestride\out_grid\AB01\AB01_normal_walk_1_skip_lpthigh_hgb_w300,407.0930253878592,539.3184261152643,-227.4873492242371,1666.1640349680647,1893.6513841923015,422.5356501747531,1457.447458667321,-45.833339269774726,55.26010760159517,29.169540464341253,29.15097117293118,29.07869845380972,820.4174270090464,10.877270041036892,451.297926049612,353.394670675377,421.165064375051,563226.0176142978,83.0,0.02427710843371286,,,,,,,
AB01,AB01_normal_walk_1_skip,normal,rpthigh,12.468724356241632,4.731185642215085,300,78.9,E:\safestride\out_grid\AB01\AB01_normal_walk_1_skip_rpthigh_hgb_w300,404.1838958320281,538.9378894197332,-171.40094094108568,1666.5260710382768,1837.9270119793623,415.8558882409509,1469.4776999111948,-36.7661794904401,55.26010760159517,29.169540464341253,29.15097117293118,29.07869845380972,820.4174270090464,10.877270041036892,451.297926049612,353.394670675377,421.165064375051,563226.0176142978,83.0,0.02427710843371286,,,,,,,
AB01,AB01_normal_walk_1_skip,normal,lshank,10.4567284984907,4.312921639417346,300,78.9,E:\safestride\out_grid\AB01\AB01_normal_walk_1_skip_lshank_hgb_w300,408.0201224243374,542.3571994610136,-126.08816052053396,1666.4335542894207,1792.5217148099546,419.5440334496464,1478.727673016001,-35.140533269642546,55.26010760159517,29.169540464341253,29.15097117293118,29.07869845380972,820.4174270090464,10.877270041036892,451.297926049612,353.394670675377,421.165064375051,563226.0176142978,83.0,0.02427710843371286,,,,,,,
AB01,AB01_normal_walk_1_skip,normal,rshank,10.850555596524364,4.550648993090233,300,78.9,E:\safestride\out_grid\AB01\AB01_normal_walk_1_skip_rshank_hgb_w300,390.3704122366553,530.4752650466409,-195.70083426205247,1668.5435267394842,1864.2443610015368,402.5613117691177,1451.651038529766,-37.52177410002229,55.26010760159517,29.169540464341253,29.15097117293118,29.07869845380972,820.4174270090464,10.877270041036892,451.297926049612,353.394670675377,421.165064375051,563226.0176142978,83.0,0.02427710843371286,,,,,,,
AB01,AB01_normal_walk_1_skip,normal,lpelvis,10.257725309550828,4.194659493511306,300,78.9,E:\safestride\out_grid\AB01\AB01_normal_walk_1_skip_lpelvis_hgb_w300,403.2663969796998,538.0905211495375,-270.63754071663266,1667.7905846671845,1938.428125383817,413.72561775638616,1464.1442952891505,-29.42708214415643,55.26010760159517,29.169540464341253,29.15097117293118,29.07869845380972,820.4174270090464,10.877270041036892,451.297926049612,353.394670675377,421.165064375051,563226.0176142978,83.0,0.02427710843371286,,,,,,,
AB01,AB01_normal_walk_1_skip,normal,rpelvis,10.90153049998673,4.404280183450239,300,78.9,E:\safestride\out_grid\AB01\AB01_normal_walk_1_skip_rpelvis_hgb_w300,399.34621666710575,538.8775833608036,-207.618488474028,1666.6070775175217,1874.2255659915495,411.7522922226574,1461.209614138704,-37.839376451025686,55.26010760159517,29.169540464341253,29.15097117293118,29.07869845380972,820.4174270090464,10.877270041036892,451.297926049612,353.394670675377,421.165064375051,563226.0176142978,83.0,0.02427710843371286,,,,,,,
AB01,AB01_normal_walk_1_2-5,normal,lathigh,7.97232838802047,2.540613248563344,300,78.9,E:\safestride\out_grid\AB01\AB01_normal_walk_1_2-5_lathigh_hgb_w300,383.47141470280144,685.1930108705517,-160.22381545523365,2094.938538578557,2255.162354033791,392.74777492274615,1961.2534119180536,-24.992091727935573,59.988532408384,56.48621283584109,56.26599741399683,55.90133573460214,1006.8656634026108,13.414245901690741,710.1271660056799,596.658114418661,483.028683159741,828078.6183871495,85.0,0.02917647058820876,,,,,,,
AB01,AB01_normal_walk_1_2-5,normal,rathigh,9.508317118688728,2.7786568380521843,300,78.9,E:\safestride\out_grid\AB01\AB01_normal_walk_1_2-5_rathigh_hgb_w300,380.7945206666389,683.9791576468009,-183.5860588891305,2095.810132233805,2279.3961911229358,391.4923199911024,1963.625976618384,-26.966313924782085,59.988532408384,56.48621283584109,56.26599741399683,55.90133573460214,1006.8656634026108,13.414245901690741,710.1271660056799,596.658114418661,483.028683159741,828078.6183871495,85.0,0.02917647058820876,,,,,,,
AB01,AB01_normal_walk_1_2-5,normal,lpthigh,10.503519880200606,3.344353313751336,300,78.9,E:\safestride\out_grid\AB01\AB01_normal_walk_1_2-5_lpthigh_hgb_w300,379.7627500854594,687.6669158353272,-420.24029531092106,2095.445079715284,2515.6853750262053,396.2879343029437,1962.0309480456333,-40.12992640675567,59.988532408384,56.48621283584109,56.26599741399683,55.90133573460214,1006.8656634026108,13.414245901690741,710.1271660056799,596.658114418661,483.028683159741,828078.6183871495,85.0,0.02917647058820876,,,,,,,
AB01,AB01_normal_walk_1_2-5,normal,rpthigh,8.16380202754502,3.140215504585892,300,78.9,E:\safestride\out_grid\AB01\AB01_normal_walk_1_2-5_rpthigh_hgb_w300,386.8202009695923,688.7598858395144,-211.9959445029348,2096.222561077472,2308.218505580407,398.5581115924877,1965.752364200959,-31.14222722392321,59.988532408384,56.48621283584109,56.26599741399683,55.90133573460214,1006.8656634026108,13.414245901690741,710.1271660056799,596.658114418661,483.028683159741,828078.6183871495,85.0,0.02917647058820876,,,,,,,
AB01,AB01_normal_walk_1_2-5,normal,lshank,7.319362092461978,1.7807798033029705,300,78.9,E:\safestride\out_grid\AB01\AB01_normal_walk_1_2-5_lshank_hgb_w300,384.2163985862909,687.2834382776002,-188.89409127218667,2095.0698081311084,2283.9638994032957,389.4189042055693,1965.7923314621296,-13.770809600281352,59.988532408384,56.48621283584109,56.26599741399683,55.90133573460214,1006.8656634026108,13.414245901690741,710.1271660056799,596.658114418661,483.028683159741,828078.6183871495,85.0,0.02917647058820876,,,,,,,
AB01,AB01_normal_walk_1_2-5,normal,rshank,6.992776354069825,2.449026034356153,300,78.9,E:\safestride\out_grid\AB01\AB01_normal_walk_1_2-5_rshank_hgb_w300,385.7122926779788,688.4090756714836,-210.8881908308268,2095.173113745904,2306.061304576731,394.8855307614021,1965.901328367317,-24.999228378404847,59.988532408384,56.48621283584109,56.26599741399683,55.90133573460214,1006.8656634026108,13.414245901690741,710.1271660056799,596.658114418661,483.028683159741,828078.6183871495,85.0,0.02917647058820876,,,,,,,
AB01,AB01_normal_walk_1_2-5,normal,lpelvis,8.638829328871434,3.099986137455536,300,78.9,E:\safestride\out_grid\AB01\AB01_normal_walk_1_2-5_lpelvis_hgb_w300,386.02350579957664,687.784225077278,-248.36224655636,2095.290725473847,2343.652972030207,399.15222926538434,1964.68598824794,-34.40511486129015,59.988532408384,56.48621283584109,56.26599741399683,55.90133573460214,1006.8656634026108,13.414245901690741,710.1271660056799,596.658114418661,483.028683159741,828078.6183871495,85.0,0.02917647058820876,,,,,,,
AB01,AB01_normal_walk_1_2-5,normal,rpelvis,9.797851806779189,3.348088367083744,300,78.9,E:\safestride\out_grid\AB01\AB01_normal_walk_1_2-5_rpelvis_hgb_w300,383.5078676932284,688.4360510010712,-281.72719904390783,2095.75301940496,2377.480218448868,400.3959278054739,1957.4746655367344,-43.12263385109325,59.988532408384,56.48621283584109,56.26599741399683,55.90133573460214,1006.8656634026108,13.414245901690741,710.1271660056799,596.658114418661,483.028683159741,828078.6183871495,85.0,0.02917647058820876,,,,,,,
AB01,AB01_normal_walk_1_1-8,normal,lathigh,3.3086549735530983,1.5465736057972612,300,78.9,E:\safestride\out_grid\AB01\AB01_normal_walk_1_1-8_lathigh_hgb_w300,374.1672813942217,395.3889483295131,-138.34580924336916,1171.959930715254,1310.305739958623,379.6254174553419,1043.910109062028,-17.59845173823014,33.53414564565518,19.35641187806778,19.254006810170004,19.244159045659927,792.0911845742603,6.64914904379672,453.983631563341,263.919301831236,277.836522604811,457493.1474758254,79.0,0.03455696202528503,,,,,,,
AB01,AB01_normal_walk_1_1-8,normal,rathigh,4.673838384700213,1.809352843489813,300,78.9,E:\safestride\out_grid\AB01\AB01_normal_walk_1_1-8_rathigh_hgb_w300,386.7530864404314,395.9005486431193,-148.26935247622134,1173.1771481720868,1321.4465006483083,393.9047053682394,1049.3265429651476,-21.83071395304557,33.53414564565518,19.35641187806778,19.254006810170004,19.244159045659927,792.0911845742603,6.64914904379672,453.983631563341,263.919301831236,277.836522604811,457493.1474758254,79.0,0.03455696202528503,,,,,,,
AB01,AB01_normal_walk_1_1-8,normal,lpthigh,4.147647940119084,1.8756781787051144,300,78.9,E:\safestride\out_grid\AB01\AB01_normal_walk_1_1-8_lpthigh_hgb_w300,373.0948767346742,392.75359185046585,-124.73621378210596,1173.0929148301975,1297.8291286123035,379.3765810187856,1034.006070405443,-20.836776520596977,33.53414564565518,19.35641187806778,19.254006810170004,19.244159045659927,792.0911845742603,6.64914904379672,453.983631563341,263.919301831236,277.836522604811,457493.1474758254,79.0,0.03455696202528503,,,,,,,
AB01,AB01_normal_walk_1_1-8,normal,rpthigh,3.767007841329114,1.7421303839400166,300,78.9,E:\safestride\out_grid\AB01\AB01_normal_walk_1_1-8_rpthigh_hgb_w300,385.5877443954375,393.02653891047794,-122.86139761857106,1172.2295881371851,1295.0909857557565,391.155931520211,1042.3078186305406,-17.984632574133563,33.53414564565518,19.35641187806778,19.254006810170004,19.244159045659927,792.0911845742603,6.64914904379672,453.983631563341,263.919301831236,277.836522604811,457493.1474758254,79.0,0.03455696202528503,,,,,,,
AB01,AB01_normal_walk_1_1-8,normal,lshank,4.358483258616486,1.5276305563493169,300,78.9,E:\safestride\out_grid\AB01\AB01_normal_walk_1_1-8_lshank_hgb_w300,387.9758407205248,394.53775525749415,-83.71108878140014,1172.695691429606,1256.4067802110062,391.6412919705997,1042.182099642719,-12.4421981130564,33.53414564565518,19.35641187806778,19.254006810170004,19.244159045659927,792.0911845742603,6.64914904379672,453.983631563341,263.919301831236,277.836522604811,457493.1474758254,79.0,0.03455696202528503,,,,,,,
AB01,AB01_normal_walk_1_1-8,normal,rshank,8.430824403293041,2.532824605299349,300,78.9,E:\safestride\out_grid\AB01\AB01_normal_walk_1_1-8_rshank_hgb_w300,378.9215111838416,390.3581446124334,-131.91192210099288,1173.531079179818,1305.443001280811,384.2273697227085,1041.0465744083606,-17.755329579089235,33.53414564565518,19.35641187806778,19.254006810170004,19.244159045659927,792.0911845742603,6.64914904379672,453.983631563341,263.919301831236,277.836522604811,457493.1474758254,79.0,0.03455696202528503,,,,,,,
AB01,AB01_normal_walk_1_1-8,normal,lpelvis,8.518821963443933,2.8623436368692263,300,78.9,E:\safestride\out_grid\AB01\AB01_normal_walk_1_1-8_lpelvis_hgb_w300,382.1901593920151,392.4278032110191,-150.07374098446667,1171.3960868206825,1321.4698278051492,389.80903983290506,1040.425733442028,-25.860336750881764,33.53414564565518,19.35641187806778,19.254006810170004,19.244159045659927,792.0911845742603,6.64914904379672,453.983631563341,263.919301831236,277.836522604811,457493.1474758254,79.0,0.03455696202528503,,,,,,,
AB01,AB01_normal_walk_1_1-8,normal,rpelvis,5.250125033189924,2.10741440336149,300,78.9,E:\safestride\out_grid\AB01\AB01_normal_walk_1_1-8_rpelvis_hgb_w300,386.4853688557467,393.43139736078535,-293.67387045366667,1173.1678746510113,1466.841745104678,394.1062258156606,1044.7026334226382,-24.70131728481317,33.53414564565518,19.35641187806778,19.254006810170004,19.244159045659927,792.0911845742603,6.64914904379672,453.983631563341,263.919301831236,277.836522604811,457493.1474758254,79.0,0.03455696202528503,,,,,,,
AB01,AB01_dynamic_walk_1_high-knees,dynamic,lathigh,11.357443881989044,3.851507289573562,300,78.9,E:\safestride\out_grid\AB01\AB01_dynamic_walk_1_high-knees_lathigh_hgb_w300,401.1424607538118,687.9641565285326,-251.47848228663804,2305.462460422566,2556.940942709204,414.1867463461902,1991.738632612592,-36.081941554096055,51.420520528082164,21.87659186578145,21.83607982907739,21.80672452154749,935.9216847372884,9.433796450510323,490.58877366521705,546.817786912971,639.953590737104,698569.6384637504,96.0,0.021197916666647387,,,,,,,
AB01,AB01_dynamic_walk_1_high-knees,dynamic,rathigh,9.885892681270334,3.650383571573596,300,78.9,E:\safestride\out_grid\AB01\AB01_dynamic_walk_1_high-knees_rathigh_hgb_w300,388.3323943062711,680.541871816337,-150.51724502452154,2304.3618984330537,2454.879143457575,398.56772228327895,1978.1144184982124,-28.66588965483366,51.420520528082164,21.87659186578145,21.83607982907739,21.80672452154749,935.9216847372884,9.433796450510323,490.58877366521705,546.817786912971,639.953590737104,698569.6384637504,96.0,0.021197916666647387,,,,,,,
AB01,AB01_dynamic_walk_1_high-knees,dynamic,lpthigh,10.179958815825067,3.088921858645024,300,78.9,E:\safestride\out_grid\AB01\AB01_dynamic_walk_1_high-knees_lpthigh_hgb_w300,397.77181058312016,685.6678652349707,-99.33753618260216,2305.459466041428,2404.79700222403,406.1222975968345,1996.306695998184,-23.806448148054383,51.420520528082164,21.87659186578145,21.83607982907739,21.80672452154749,935.9216847372884,9.433796450510323,490.58877366521705,546.817786912971,639.953590737104,698569.6384637504,96.0,0.021197916666647387,,,,,,,
AB01,AB01_dynamic_walk_1_high-knees,dynamic,rpthigh,9.095638795162891,3.8252732761829336,300,78.9,E:\safestride\out_grid\AB01\AB01_dynamic_walk_1_high-knees_rpthigh_hgb_w300,398.9117890954078,689.6825583546013,-191.99703901114896,2305.0232428337586,2497.0202818449075,413.97100405257294,2014.461647653745,-43.43582224452228,51.420520528082164,21.87659186578145,21.83607982907739,21.80672452154749,935.9216847372884,9.433796450510323,490.58877366521705,546.817786912971,639.953590737104,698569.6384637504,96.0,0.021197916666647387,,,,,,,
AB01,AB01_dynamic_walk_1_high-knees,dynamic,lshank,11.555662647637975,3.678357310797909,300,78.9,E:\safestride\out_grid\AB01\AB01_dynamic_walk_1_high-knees_lshank_hgb_w300,400.9698245403157,689.767413816212,-122.03018733842477,2305.702549566241,2427.7327369046657,410.44081849256816,2010.1803009581213,-25.54728859807045,51.420520528082164,21.87659186578145,21.83607982907739,21.80672452154749,935.9216847372884,9.433796450510323,490.58877366521705,546.817786912971,639.953590737104,698569.6384637504,96.0,0.021197916666647387,,,,,,,
AB01,AB01_dynamic_walk_1_high-knees,dynamic,rshank,9.200793257754995,3.360343758352081,300,78.9,E:\safestride\out_grid\AB01\AB01_dynamic_walk_1_high-knees_rshank_hgb_w300,391.3622605348064,688.5542719442699,-139.6145493567129,2305.4897503289626,2445.1042996856754,403.9471485464366,2000.298585223377,-34.530853859360334,51.420520528082164,21.87659186578145,21.83607982907739,21.80672452154749,935.9216847372884,9.433796450510323,490.58877366521705,546.817786912971,639.953590737104,698569.6384637504,96.0,0.021197916666647387,,,,,,,
AB01,AB01_dynamic_walk_1_high-knees,dynamic,lpelvis,11.541676678243906,4.108436060536784,300,78.9,E:\safestride\out_grid\AB01\AB01_dynamic_walk_1_high-knees_lpelvis_hgb_w300,387.3500118074694,672.4828180393255,-438.3368440121485,2304.6219605183924,2742.958804530541,400.6075727566956,1965.6399894663025,-34.42116659968549,51.420520528082164,21.87659186578145,21.83607982907739,21.80672452154749,935.9216847372884,9.433796450510323,490.58877366521705,546.817786912971,639.953590737104,698569.6384637504,96.0,0.021197916666647387,,,,,,,
AB01,AB01_dynamic_walk_1_high-knees,dynamic,rpelvis,17.04431257850461,5.0084561733763175,300,78.9,E:\safestride\out_grid\AB01\AB01_dynamic_walk_1_high-knees_rpelvis_hgb_w300,402.11426566874,691.082897172822,-313.1603805594821,2306.368118630671,2619.528499190153,417.6843796111919,2003.1126750889173,-41.1836179879397,51.420520528082164,21.87659186578145,21.83607982907739,21.80672452154749,935.9216847372884,9.433796450510323,490.58877366521705,546.817786912971,639.953590737104,698569.6384637504,96.0,0.021197916666647387,,,,,,,
AB01,AB01_cutting_1_right-slow,cutting,lathigh,13.359523639496468,4.689101666042628,300,78.9,E:\safestride\out_grid\AB01\AB01_cutting_1_right-slow_lathigh_hgb_w300,629.3477664680365,427.9919127752543,-44.54767894132816,1536.8334932657738,1581.3811722071018,630.6550732681998,1379.2576079372425,-3.557783582584012,54.98626758807225,34.91257972011206,34.912149084382825,34.691942096482485,732.4182840790535,9.336597136344679,662.9403738227279,438.100190573017,426.505179475733,410602.78608025075,24.0,0.04541666666662536,,,,,,,
AB01,AB01_cutting_1_right-slow,cutting,rathigh,13.65005926036433,5.236977976193121,300,78.9,E:\safestride\out_grid\AB01\AB01_cutting_1_right-slow_rathigh_hgb_w300,634.7631185054024,425.31945012886615,-119.1114319816651,1536.401134492551,1655.512566474216,638.9874368314806,1346.0341323575692,-8.561218746617502,54.98626758807225,34.91257972011206,34.912149084382825,34.691942096482485,732.4182840790535,9.336597136344679,662.9403738227279,438.100190573017,426.505179475733,410602.78608025075,24.0,0.04541666666662536,,,,,,,
AB01,AB01_cutting_1_right-slow,cutting,lpthigh,12.183387363913006,4.420383160564028,300,78.9,E:\safestride\out_grid\AB01\AB01_cutting_1_right-slow_lpthigh_hgb_w300,624.8702257293926,425.3388470161884,-80.40766820434527,1536.6007538446663,1617.0084220490116,627.1647575471172,1379.949158750211,-4.968303993503791,54.98626758807225,34.91257972011206,34.912149084382825,34.691942096482485,732.4182840790535,9.336597136344679,662.9403738227279,438.100190573017,426.505179475733,410602.78608025075,24.0,0.04541666666662536,,,,,,,
AB01,AB01_cutting_1_right-slow,cutting,rpthigh,13.963211840154406,4.973387405141156,300,78.9,E:\safestride\out_grid\AB01\AB01_cutting_1_right-slow_rpthigh_hgb_w300,635.1592491781026,425.4269503303135,-145.64241285433462,1536.0098171347008,1681.6522299890355,638.9341553276863,1344.9589967640843,-7.320955870913332,54.98626758807225,34.91257972011206,34.912149084382825,34.691942096482485,732.4182840790535,9.336597136344679,662.9403738227279,438.100190573017,426.505179475733,410602.78608025075,24.0,0.04541666666662536,,,,,,,
AB01,AB01_cutting_1_right-slow,cutting,lshank,11.661972393924394,4.748286967060798,300,78.9,E:\safestride\out_grid\AB01\AB01_cutting_1_right-slow_lshank_hgb_w300,621.3919294138959,424.4998300978245,-153.22108551004948,1536.0542822945083,1689.2753678045578,624.8355811136813,1369.5328251102176,-3.160086527550818,54.98626758807225,34.91257972011206,34.912149084382825,34.691942096482485,732.4182840790535,9.336597136344679,662.9403738227279,438.100190573017,426.505179475733,410602.78608025075,24.0,0.04541666666662536,,,,,,,
AB01,AB01_cutting_1_right-slow,cutting,rshank,13.882335902958284,4.733140806288256,300,78.9,E:\safestride\out_grid\AB01\AB01_cutting_1_right-slow_rshank_hgb_w300,640.8654475653516,433.3923491354625,-128.2856122323188,1537.1799051126584,1665.4655173449771,645.8397557342148,1349.9204229494817,-12.129623031387773,54.98626758807225,34.91257972011206,34.912149084382825,34.691942096482485,732.4182840790535,9.336597136344679,662.9403738227279,438.100190573017,426.505179475733,410602.78608025075,24.0,0.04541666666662536,,,,,,,
AB01,AB01_cutting_1_right-slow,cutting,lpelvis,13.533799643924649,4.794088465277013,300,78.9,E:\safestride\out_grid\AB01\AB01_cutting_1_right-slow_lpelvis_hgb_w300,629.2745399151061,424.9059629786612,-184.6893943491525,1536.1034552580622,1720.7928496072147,632.0508928868568,1343.5880501815586,-7.378377416321409,54.98626758807225,34.91257972011206,34.912149084382825,34.691942096482485,732.4182840790535,9.336597136344679,662.9403738227279,438.100190573017,426.505179475733,410602.78608025075,24.0,0.04541666666662536,,,,,,,
AB01,AB01_cutting_1_right-slow,cutting,rpelvis,14.88911561252668,5.488362018047774,300,78.9,E:\safestride\out_grid\AB01\AB01_cutting_1_right-slow_rpelvis_hgb_w300,623.5626305660261,425.4018694289211,-108.53151999146368,1536.227501051525,1644.7590210429887,626.6833324473128,1377.8768177539412,-2.733691064267767,54.98626758807225,34.91257972011206,34.912149084382825,34.691942096482485,732.4182840790535,9.336597136344679,662.9403738227279,438.100190573017,426.505179475733,410602.78608025075,24.0,0.04541666666662536,,,,,,,
AB01,AB01_cutting_1_right-fast,cutting,lathigh,8.95247911371076,3.6163215601545686,300,78.9,E:\safestride\out_grid\AB01\AB01_cutting_1_right-fast_lathigh_hgb_w300,585.8669106341188,500.8042220905783,-174.650918327568,1643.6803781941817,1818.3312965217497,591.952134933634,1490.4419863058831,-19.683449910914504,46.425287685618194,33.69005184151006,33.62936613186676,33.49686654017643,923.2340882991169,10.213579078591948,755.876080424938,518.945970570683,505.10609485927,619734.7906947762,24.0,0.035000000000067644,,,,,,,
AB01,AB01_cutting_1_right-fast,cutting,rathigh,13.697709470337973,4.872228361861731,300,78.9,E:\safestride\out_grid\AB01\AB01_cutting_1_right-fast_rathigh_hgb_w300,596.7600005889669,507.29459002184126,-182.1513724758084,1643.1753223203916,1825.3266947962,604.4538137128399,1485.2712718609423,-21.95041671789081,46.425287685618194,33.69005184151006,33.62936613186676,33.49686654017643,923.2340882991169,10.213579078591948,755.876080424938,518.945970570683,505.10609485927,619734.7906947762,24.0,0.035000000000067644,,,,,,,
AB01,AB01_cutting_1_right-fast,cutting,lpthigh,13.1837131790339,5.516455306224882,300,78.9,E:\safestride\out_grid\AB01\AB01_cutting_1_right-fast_lpthigh_hgb_w300,585.8173083182361,492.8270481385769,-339.46066513455173,1642.868813049514,1982.329478184066,592.486860599614,1483.7930740935528,-22.34689151869115,46.425287685618194,33.69005184151006,33.62936613186676,33.49686654017643,923.2340882991169,10.213579078591948,755.876080424938,518.945970570683,505.10609485927,619734.7906947762,24.0,0.035000000000067644,,,,,,,
AB01,AB01_cutting_1_right-fast,cutting,rpthigh,10.92304902539846,4.813101141054138,300,78.9,E:\safestride\out_grid\AB01\AB01_cutting_1_right-fast_rpthigh_hgb_w300,593.0133011639591,492.45014816944274,-189.80542237421457,1643.4070288692292,1833.212451243444,599.4832827977095,1477.7941017721662,-21.423506661253683,46.425287685618194,33.69005184151006,33.62936613186676,33.49686654017643,923.2340882991169,10.213579078591948,755.876080424938,518.945970570683,505.10609485927,619734.7906947762,24.0,0.035000000000067644,,,,,,,
AB01,AB01_cutting_1_right-fast,cutting,lshank,10.32779865910342,4.519087185345042,300,78.9,E:\safestride\out_grid\AB01\AB01_cutting_1_right-fast_lshank_hgb_w300,590.9959537023148,506.1895726956423,-239.21302539056333,1642.9472042437867,1882.16022963435,597.8215316808729,1507.6276057016496,-17.78705176425314,46.425287685618194,33.69005184151006,33.62936613186676,33.49686654017643,923.2340882991169,10.213579078591948,755.876080424938,518.945970570683,505.10609485927,619734.7906947762,24.0,0.035000000000067644,,,,,,,
AB01,AB01_cutting_1_right-fast,cutting,rshank,11.263758999938004,5.027200503732354,300,78.9,E:\safestride\out_grid\AB01\AB01_cutting_1_right-fast_rshank_hgb_w300,585.7390503395936,501.9718237038,-244.85251119208297,1642.947560086328,1887.800071278411,596.7999500216499,1485.1294884624062,-29.736702691505837,46.425287685618194,33.69005184151006,33.62936613186676,33.49686654017643,923.2340882991169,10.213579078591948,755.876080424938,518.945970570683,505.10609485927,619734.7906947762,24.0,0.035000000000067644,,,,,,,
AB01,AB01_cutting_1_right-fast,cutting,lpelvis,15.026504395724094,5.732492269095998,300,78.9,E:\safestride\out_grid\AB01\AB01_cutting_1_right-fast_lpelvis_hgb_w300,588.1848314844716,488.5336360134802,-131.7719814778098,1643.3368189969513,1775.108800474761,592.7185455683821,1478.0195738558075,-17.06376245207995,46.425287685618194,33.69005184151006,33.62936613186676,33.49686654017643,923.2340882991169,10.213579078591948,755.876080424938,518.945970570683,505.10609485927,619734.7906947762,24.0,0.035000000000067644,,,,,,,
AB01,AB01_cutting_1_right-fast,cutting,rpelvis,10.946171148490356,4.623557422841531,300,78.9,E:\safestride\out_grid\AB01\AB01_cutting_1_right-fast_rpelvis_hgb_w300,585.5473007542122,505.5903562786766,-148.52921733826108,1643.230825018922,1791.760042357183,590.3924473843713,1496.505379732974,-16.99878231531272,46.425287685618194,33.69005184151006,33.62936613186676,33.49686654017643,923.2340882991169,10.213579078591948,755.876080424938,518.945970570683,505.10609485927,619734.7906947762,24.0,0.035000000000067644,,,,,,,
AB01,AB01_curb_up_1,curb,lathigh,11.802098523195722,4.3269117698709625,300,78.9,E:\safestride\out_grid\AB01\AB01_curb_up_1_lathigh_hgb_w300,599.785612652828,305.6941524714818,-223.1346727734016,1350.9743906328015,1574.1090634062032,605.7030641424727,1009.35589900216,-15.49967518693994,56.16971093685579,47.50701210208095,47.45484395648384,47.44018614764212,674.3564066430018,10.263156253648415,458.35922833057,293.684774460532,327.823781139926,324563.0017156656,56.0,0.039285714285713445,,,,,,,
AB01,AB01_curb_up_1,curb,rathigh,11.7602556950373,4.0804779369562985,300,78.9,E:\safestride\out_grid\AB01\AB01_curb_up_1_rathigh_hgb_w300,607.8333643562506,306.02968794194504,-215.6575718131245,1347.4452162660516,1563.1027880791762,613.2100663683407,1021.019305581204,-17.514679560586085,56.16971093685579,47.50701210208095,47.45484395648384,47.44018614764212,674.3564066430018,10.263156253648415,458.35922833057,293.684774460532,327.823781139926,324563.0017156656,56.0,0.039285714285713445,,,,,,,
AB01,AB01_curb_up_1,curb,lpthigh,18.829552049210573,7.401451414881879,300,78.9,E:\safestride\out_grid\AB01\AB01_curb_up_1_lpthigh_hgb_w300,577.8060103950978,314.48810575119245,-268.9930246405488,1311.6276473372327,1580.6206719777815,584.850131597377,980.3437018661676,-21.823203457945656,56.16971093685579,47.50701210208095,47.45484395648384,47.44018614764212,674.3564066430018,10.263156253648415,458.35922833057,293.684774460532,327.823781139926,324563.0017156656,56.0,0.039285714285713445,,,,,,,
AB01,AB01_curb_up_1,curb,rpthigh,11.264633735299103,3.833226156802532,300,78.9,E:\safestride\out_grid\AB01\AB01_curb_up_1_rpthigh_hgb_w300,603.9915031440031,310.6239974729043,-202.9755058483844,1351.2188432879848,1554.194349136369,610.1932828855236,1020.180372294442,-20.07163824985635,56.16971093685579,47.50701210208095,47.45484395648384,47.44018614764212,674.3564066430018,10.263156253648415,458.35922833057,293.684774460532,327.823781139926,324563.0017156656,56.0,0.039285714285713445,,,,,,,
AB01,AB01_curb_up_1,curb,lshank,11.190095768083925,4.241802077439583,300,78.9,E:\safestride\out_grid\AB01\AB01_curb_up_1_lshank_hgb_w300,601.0341168308281,304.50239900747965,-198.78107022693453,1349.2054825563528,1547.9865527832874,605.912920845181,996.4770640017148,-12.48739970016548,56.16971093685579,47.50701210208095,47.45484395648384,47.44018614764212,674.3564066430018,10.263156253648415,458.35922833057,293.684774460532,327.823781139926,324563.0017156656,56.0,0.039285714285713445,,,,,,,
AB01,AB01_curb_up_1,curb,rshank,13.9621150188666,4.863964175069122,300,78.9,E:\safestride\out_grid\AB01\AB01_curb_up_1_rshank_hgb_w300,601.7060022916855,310.2988241750276,-320.55328850969545,1348.773223389413,1669.3265118991085,609.3128186646996,1015.040873469924,-20.57652158637542,56.16971093685579,47.50701210208095,47.45484395648384,47.44018614764212,674.3564066430018,10.263156253648415,458.35922833057,293.684774460532,327.823781139926,324563.0017156656,56.0,0.039285714285713445,,,,,,,
AB01,AB01_curb_up_1,curb,lpelvis,12.271771481171676,4.3362951501390645,300,78.9,E:\safestride\out_grid\AB01\AB01_curb_up_1_lpelvis_hgb_w300,606.4038086971857,302.91707513976235,-163.62606972603106,1347.2860141420233,1510.9120838680544,610.6579778584781,1020.2420710276306,-10.324852825477002,56.16971093685579,47.50701210208095,47.45484395648384,47.44018614764212,674.3564066430018,10.263156253648415,458.35922833057,293.684774460532,327.823781139926,324563.0017156656,56.0,0.039285714285713445,,,,,,,
AB01,AB01_curb_up_1,curb,rpelvis,10.905109082500005,3.9825340336394985,300,78.9,E:\safestride\out_grid\AB01\AB01_curb_up_1_rpelvis_hgb_w300,602.7682818493511,309.08153228671387,-191.3874810756804,1350.7008326818732,1542.0883137575536,607.0816433735663,1021.974147370416,-9.0073681440343,56.16971093685579,47.50701210208095,47.45484395648384,47.44018614764212,674.3564066430018,10.263156253648415,458.35922833057,293.684774460532,327.823781139926,324563.0017156656,56.0,0.039285714285713445,,,,,,,
AB01,AB01_curb_down_1,curb,lathigh,12.640558269170604,4.385510910352485,300,78.9,E:\safestride\out_grid\AB01\AB01_curb_down_1_lathigh_hgb_w300,615.7555047723624,318.9306857688048,-142.2325210143321,1665.641627273066,1807.8741482873984,619.5008727620975,1081.8828825188452,-4.719861337869323,83.55040530746018,66.78503190663015,66.71919002859569,66.5447263670067,628.270586312744,18.35060501107566,491.587948378521,331.467195288508,482.296486880715,406928.3496293242,46.0,0.0466304347826077,,,,,,,
AB01,AB01_curb_down_1,curb,rathigh,12.625309110437252,4.802993607317594,300,78.9,E:\safestride\out_grid\AB01\AB01_curb_down_1_rathigh_hgb_w300,614.4867038662807,316.62744199770134,-188.5406009569303,1669.2860518295868,1857.826652786517,618.1482563328934,1083.7581568653698,-5.196334382876654,83.55040530746018,66.78503190663015,66.71919002859569,66.5447263670067,628.270586312744,18.35060501107566,491.587948378521,331.467195288508,482.296486880715,406928.3496293242,46.0,0.0466304347826077,,,,,,,
AB01,AB01_curb_down_1,curb,lpthigh,13.718416271761155,4.695111430071705,300,78.9,E:\safestride\out_grid\AB01\AB01_curb_down_1_lpthigh_hgb_w300,611.1569400712841,326.3123256578005,-160.30088274495745,1669.5774715031273,1829.8783542480849,617.0706908077883,1080.1729637188976,-18.089301851785564,83.55040530746018,66.78503190663015,66.71919002859569,66.5447263670067,628.270586312744,18.35060501107566,491.587948378521,331.467195288508,482.296486880715,406928.3496293242,46.0,0.0466304347826077,,,,,,,
AB01,AB01_curb_down_1,curb,rpthigh,14.56064249712737,5.601659937799431,300,78.9,E:\safestride\out_grid\AB01\AB01_curb_down_1_rpthigh_hgb_w300,611.9196262881488,323.22831933297374,-370.41825219149416,1667.46579569911,2037.884047890604,617.5436656303652,1103.7423139451705,-10.237179810591384,83.55040530746018,66.78503190663015,66.71919002859569,66.5447263670067,628.270586312744,18.35060501107566,491.587948378521,331.467195288508,482.296486880715,406928.3496293242,46.0,0.0466304347826077,,,,,,,
AB01,AB01_curb_down_1,curb,lshank,15.920871570482308,5.541133236610596,300,78.9,E:\safestride\out_grid\AB01\AB01_curb_down_1_lshank_hgb_w300,621.6025495154053,317.81523174802624,-159.95228217457253,1665.4829713732593,1825.435253547832,626.0353633284726,1079.2438885480171,-6.127689358793782,83.55040530746018,66.78503190663015,66.71919002859569,66.5447263670067,628.270586312744,18.35060501107566,491.587948378521,331.467195288508,482.296486880715,406928.3496293242,46.0,0.0466304347826077,,,,,,,
AB01,AB01_curb_down_1,curb,rshank,11.540461095171745,4.576918024175421,300,78.9,E:\safestride\out_grid\AB01\AB01_curb_down_1_rshank_hgb_w300,605.6870382873623,319.25875943803214,-216.47462873256467,1666.689003491182,1883.1636322237464,610.1711197086801,1072.5843991744375,-8.864034118693112,83.55040530746018,66.78503190663015,66.71919002859569,66.5447263670067,628.270586312744,18.35060501107566,491.587948378521,331.467195288508,482.296486880715,406928.3496293242,46.0,0.0466304347826077,,,,,,,
AB01,AB01_curb_down_1,curb,lpelvis,14.367599377250766,5.586945179907842,300,78.9,E:\safestride\out_grid\AB01\AB01_curb_down_1_lpelvis_hgb_w300,618.2560713887772,311.92396618730817,-214.0573318904649,1666.4169446615915,1880.4742765520564,622.6787585180107,1067.0274860281463,-5.469355217658483,83.55040530746018,66.78503190663015,66.71919002859569,66.5447263670067,628.270586312744,18.35060501107566,491.587948378521,331.467195288508,482.296486880715,406928.3496293242,46.0,0.0466304347826077,,,,,,,
AB01,AB01_curb_down_1,curb,rpelvis,11.277894256698511,4.4875121469359245,300,78.9,E:\safestride\out_grid\AB01\AB01_curb_down_1_rpelvis_hgb_w300,609.3621590986374,321.8568761888206,-164.35905759964572,1670.0474610243298,1834.4065186239757,614.4260918800036,1095.0492460154785,-12.699412225490937,83.55040530746018,66.78503190663015,66.71919002859569,66.5447263670067,628.270586312744,18.35060501107566,491.587948378521,331.467195288508,482.296486880715,406928.3496293242,46.0,0.0466304347826077,,,,,,,
AB03,AB03_cutting_1_left-fast,cutting,kneepair,6.172568499159523,,300,113.5,E:\safestride\out_grid\AB03_cutting_1_left-fast_kneepair_hgb_w300,110.05672392514477,74.64892087491147,-14.936325287391576,205.20648150812067,220.14280679551223,110.58539739827724,195.7624490234289,-1.5656113411649646,39.715601660695114,8.160503993201582,8.135517127815227,8.050493552756063,812.6268518233871,10.156071396893251,683.698916974663,243.02482425444,516.829814041273,498101.0989111831,4.0,0.04250000000008214,1587.7742439445915,205.20648150812067,1356.9720016438844,1.35,0.7,952664546.366755,
AB01,AB01_weighted_walk_1_25lbs,weighted,kneepair,1.9345631317719088,,300,78.9,E:\safestride\out_grid\AB01_weighted_walk_1_25lbs_kneepair_hgb_w300,57.39270944425476,50.25777423517547,-4.51920268840357,130.78013733845071,135.29934002685428,57.70680827515308,119.23514679702348,-1.1883486275941073,31.88133624387752,13.664310149713518,13.549951479941608,13.49772805807862,470.084238418327,6.324800266457354,331.672606397607,271.03010249311,258.792425236441,319331.49387560907,76.0,0.04105263157895379,,,,,,,
AB01,AB01_tire_run_1,tire,kneepair,11.515068490927613,,300,78.9,E:\safestride\out_grid\AB01_tire_run_1_kneepair_hgb_w300,87.8128751827191,59.49708253968652,-29.62745893536995,229.50425326488303,259.131712200253,88.52024214066874,171.40454232685815,2.032280734314541,42.45740466863002,15.620736622327456,15.58871204570238,15.586185036721943,587.7396051552,8.4876421398119,565.984158327862,405.11914684475,362.106549640971,396588.09225400054,90.0,0.038166666666665856,,,,,,,
AB01,AB01_step_ups_2_right,step,kneepair,2.828644288899868,,300,78.9,E:\safestride\out_grid\AB01_step_ups_2_right_kneepair_hgb_w300,101.8881841548504,34.76096903900654,28.14453227409367,208.48945023125043,180.34491795715675,101.8881841548504,180.4563226837784,63.260062011288014,31.666312963432944,28.39313976212655,28.378816526030352,28.34988354088976,304.1808106816817,7.375928662181412,338.940378466986,243.689893434303,270.722634697433,281515.29770453234,33.0,0.02560606060606006,,,,,,,
AB01,AB01_step_ups_2_left,step,kneepair,2.219950281093772,,300,78.9,E:\safestride\out_grid\AB01_step_ups_2_left_kneepair_hgb_w300,102.60203371875608,33.39058486911152,44.21091634122733,209.53765159740144,165.32673525617412,102.60203371875608,174.53303056516532,62.1149892184572,60.89369434104394,2.4563668877621367,2.2848475027309263,2.2287412637644266,557.3959604277579,13.570835237589513,244.1078139265958,261.782244922966,111.878703510484,181684.4449665705,28.0,0.0332142857143027,,,,,,,
AB01,AB01_squats_1_25lbs,squats,kneepair,1.7090160453575174,,300,78.9,E:\safestride\out_grid\AB01_squats_1_25lbs_kneepair_hgb_w300,117.72319699709222,36.59558052704256,27.44587320159805,235.38922072004107,207.943347518443,117.72319699709222,189.0244697764357,66.51573886951266,37.614260481456775,33.9710185436906,33.94625376068284,33.90512585018436,468.2823969492368,8.779489990303576,226.33328309284377,248.948483397052,71.5826296339706,143927.07104722076,24.0,0.04729166666666776,,,,,,,
AB01,AB01_side_shuffle_1,side,kneepair,4.125552147004404,,300,78.9,E:\safestride\out_grid\AB01_side_shuffle_1_kneepair_hgb_w300,100.5099966361385,36.50067119389957,0.9898681675870292,188.6572722176071,187.66740405002008,100.5099966361385,159.2589653747079,24.157110585370187,44.66712764859125,40.28321670915516,40.26360575789416,40.19345929902003,453.9684753735735,9.546976076474929,541.780413117059,423.65532402568,364.702595261466,299212.2417238809,27.0,0.04425925925925832,,,,,,,
AB01,AB01_obstacle_walk_1,obstacle,kneepair,3.764922705451179,,300,78.9,E:\safestride\out_grid\AB01_obstacle_walk_1_kneepair_hgb_w300,50.54840621802453,45.65186028742726,-20.621892742964768,225.7886663481721,246.4105590911369,51.7067987098393,110.99955846059078,-3.861707447269451,62.58018546868834,42.54145780219096,42.5243813020497,42.43710906049424,660.3996732250789,10.507320355062003,553.2352140910609,415.138187413701,294.686981777826,350420.61969793786,254.0,0.04574803149606202,,,,,,,
AB01,AB01_normal_walk_1_skip,normal,kneepair,4.97133506141378,,300,78.9,E:\safestride\out_grid\AB01_normal_walk_1_skip_kneepair_hgb_w300,52.317658553818944,70.45596636483182,-20.3001571018927,215.32110158890896,235.62125869080165,53.66852046258138,189.95417853750752,-4.264985691897501,55.26010760159517,29.169540464341253,29.15097117293118,29.07869845380972,820.4174270090464,10.877270041036892,451.297926049612,353.394670675377,421.165064375051,563226.0176142978,83.0,0.02427710843371286,,,,,,,
AB01,AB01_normal_walk_1_2-5,normal,kneepair,5.254543831085895,,300,78.9,E:\safestride\out_grid\AB01_normal_walk_1_2-5_kneepair_hgb_w300,48.60345258340328,88.41331786843898,-13.336815283631005,271.9593255978584,285.2961408814894,49.96651313607229,254.01942315352653,-3.730170630336717,59.988532408384,56.48621283584109,56.26599741399683,55.90133573460214,1006.8656634026108,13.414245901690741,710.1271660056799,596.658114418661,483.028683159741,828078.6183871495,85.0,0.02917647058820876,,,,,,,
AB01,AB01_normal_walk_1_1-8,normal,kneepair,2.973297576284488,,300,78.9,E:\safestride\out_grid\AB01_normal_walk_1_1-8_kneepair_hgb_w300,50.09143636077688,51.27218382703283,-9.872703586235884,151.33510011283806,161.2078036990739,50.85562469487365,134.93106123104045,-2.5054260891610234,33.53414564565518,19.35641187806778,19.254006810170004,19.244159045659927,792.0911845742603,6.64914904379672,453.983631563341,263.919301831236,277.836522604811,457493.1474758254,79.0,0.03455696202528503,,,,,,,
AB01,AB01_dynamic_walk_1_high-knees,dynamic,kneepair,5.3583261300914735,,300,78.9,E:\safestride\out_grid\AB01_dynamic_walk_1_high-knees_kneepair_hgb_w300,51.02862574630431,89.03915461680957,-14.359141913737298,297.9059101107582,312.2650520244955,52.42262411560738,260.63818171738285,-3.935305071603612,51.420520528082164,21.87659186578145,21.83607982907739,21.80672452154749,935.9216847372884,9.433796450510323,490.58877366521705,546.817786912971,639.953590737104,698569.6384637504,96.0,0.021197916666647387,,,,,,,
AB01,AB01_cutting_1_right-slow,cutting,kneepair,5.301621326543474,,300,78.9,E:\safestride\out_grid\AB01_cutting_1_right-slow_kneepair_hgb_w300,82.38276819943002,56.67582800215303,-9.322615173324404,198.4718775600496,207.794492733374,82.71732601673101,178.12211290638004,-1.2140782150984888,54.98626758807225,34.91257972011206,34.912149084382825,34.691942096482485,732.4182840790535,9.336597136344679,662.9403738227279,438.100190573017,426.505179475733,410602.78608025075,24.0,0.04541666666662536,,,,,,,
AB01,AB01_cutting_1_right-fast,cutting,kneepair,6.4984190831992,,300,78.9,E:\safestride\out_grid\AB01_cutting_1_right-fast_kneepair_hgb_w300,78.11935985786857,65.73403682593724,-11.446204754697789,212.3130125173464,223.7592172720442,78.69900771089887,192.68030197565173,-2.205423801156281,46.425287685618194,33.69005184151006,33.62936613186676,33.49686654017643,923.2340882991169,10.213579078591948,755.876080424938,518.945970570683,505.10609485927,619734.7906947762,24.0,0.035000000000067644,,,,,,,
AB01,AB01_curb_up_1,curb,kneepair,6.98496778100804,,300,78.9,E:\safestride\out_grid\AB01_curb_up_1_kneepair_hgb_w300,77.5390115279926,41.29706347822024,-29.930626271459808,176.13266562331154,206.0632918947713,78.2218246539877,133.05343596933517,-2.254091308550504,56.16971093685579,47.50701210208095,47.45484395648384,47.44018614764212,674.3564066430018,10.263156253648415,458.35922833057,293.684774460532,327.823781139926,324563.0017156656,56.0,0.039285714285713445,,,,,,,
AB01,AB01_curb_down_1,curb,kneepair,7.445319902625957,,300,78.9,E:\safestride\out_grid\AB01_curb_down_1_kneepair_hgb_w300,79.19540438719034,42.97788031203485,-25.296093689179383,214.97953913136985,240.2756328205492,79.91133246641655,142.6545380434572,-2.139684104131557,83.55040530746018,66.78503190663015,66.71919002859569,66.5447263670067,628.270586312744,18.35060501107566,491.587948378521,331.467195288508,482.296486880715,406928.3496293242,46.0,0.0466304347826077,,,,,,,
AB05,AB05_cutting_1_left-fast,cutting,kneepair,6.80384508740365,,300,71.5,E:\safestride\out_grid\AB05_cutting_1_left-fast_kneepair_hgb_w300,57.25408005706525,62.005688934493946,-13.03798278194721,222.6971053394447,235.73508812139195,57.87581755793974,182.68387519531225,-2.260292597118914,38.632704543001964,15.36459667182281,15.348393247263786,15.299816924349456,1345.481846940641,7.454207802040858,944.103717647713,506.523932847938,881.938887520625,1492747.2353743226,34.0,0.017205882352925528,1723.1070162128046,222.6971053394447,3759.3530682879536,6.12,7.615,2685.361583708267,
AB06,AB06_cutting_1_left-fast,cutting,kneepair,6.971096619598434,,300,79.1,E:\safestride\out_grid\AB06_cutting_1_left-fast_kneepair_hgb_w300,70.93220499238643,59.3514344175857,-14.684499742344675,225.6894734046001,240.3739731469448,72.10775423390686,157.22841243411258,-4.578977257962529,46.347173069533795,15.272014679461336,15.260095476729305,15.19005884016525,952.942214660141,9.209950152588517,577.394904581717,559.858639774519,608.895245260196,826919.369383068,55.0,0.01800000000000921,1746.260305072582,225.6894734046001,5316.985454645118,7.485,2.12,496.5669113950471,
AB07,AB07_cutting_1_left-fast,cutting,kneepair,5.0670817233579255,,300,62.3,E:\safestride\out_grid\AB07_cutting_1_left-fast_kneepair_hgb_w300,58.76163209735847,46.05898704212231,-14.618720869102034,147.45064610197872,162.06936697108074,59.34015066363274,127.10182399516648,-2.516790731273153,41.680330988278484,15.374781744903302,15.259119124884464,15.227862506337814,721.6910758365768,8.330952779284253,450.628205510925,590.692463273031,509.301688821112,656706.2894348019,25.0,0.04160000000002128,1140.89153721222,147.45064610197872,3888.3354887051773,7.125,7.62,684534922.3273321,
AB08,AB08_cutting_1_left-fast,cutting,kneepair,7.326166572829439,,300,87.6,E:\safestride\out_grid\AB08_cutting_1_left-fast_kneepair_hgb_w300,78.97922165687217,72.92301113857027,-17.504660348395436,221.7021961843135,239.2068565327089,79.91072741703769,199.0593901693692,-3.81245520078636,58.825278009596644,27.99958575227384,27.912020707129127,27.833677448592475,1062.479601040132,11.56987472577637,615.0159263320583,599.720443393414,334.287325755293,717247.6590935112,23.0,0.026521739130448353,1715.4089595043986,221.7021961843135,4470.368089598431,5.795,5.005,2819.8503443907925,
AB09,AB09_cutting_1_left-fast,cutting,kneepair,7.18778498284891,,300,84.1,E:\safestride\out_grid\AB09_cutting_1_left-fast_kneepair_hgb_w300,76.11653714805139,64.85535874406587,-18.09771211491102,222.61309404605407,240.7108061609651,76.76602297315436,193.34913125090225,-2.5095571538104906,72.39064275626647,14.930145819876271,14.68163437400392,14.287027466777763,1161.918013147312,12.778370880607904,1202.202824041884,793.431110595066,909.373626397545,1622016.971911568,36.0,0.020972222222232953,1722.4569832953948,222.61309404605407,4499.778616813794,6.465,6.79,2431.7039764170286,
AB10,AB10_cutting_1_left-fast,cutting,kneepair,5.254249954713348,,300,67.5,E:\safestride\out_grid\AB10_cutting_1_left-fast_kneepair_hgb_w300,60.35214545755691,49.23469169736442,-13.505591618234275,162.2380853506715,175.74367696890576,61.01654646349529,141.0248006097874,-2.5187057345193296,71.3869638593013,40.803236799226426,40.79216743856677,40.487200409212704,1140.777737552855,12.356246656063199,629.757047212002,366.721954349959,312.595054762682,555535.9831918472,41.0,0.0254878048780256,1255.3085624465843,162.2380853506715,4298.465394377175,7.34,8.305,12553.085624465844,
AB11,AB11_cutting_1_left-fast,cutting,kneepair,6.002042260500868,,300,65.1,E:\safestride\out_grid\AB11_cutting_1_left-fast_kneepair_hgb_w300,57.64563924560041,50.82237203907173,-10.35385969442044,184.78161348520263,195.13547317962303,58.35103789499027,139.8016279117943,-2.4999132675630498,68.09826116355381,33.75616375036517,33.226265807207206,32.853922347413814,1561.9003113210779,11.64820700823523,945.03784163936,764.799722575559,456.826875390278,948654.7668257285,26.0,0.027692307692282505,1429.7379131989987,184.78161348520263,3231.5855811472875,5.515,0.34,2599.523478543634,
AB12,AB12_cutting_1_left-fast,cutting,kneepair,4.941211857861227,,300,64.0,E:\safestride\out_grid\AB12_cutting_1_left-fast_kneepair_hgb_w300,59.52368702915514,42.47712148502154,-14.221034614360017,149.22995300978184,163.45098762414185,60.11328593240172,125.0085807602473,-2.122530019060005,67.27227862683978,41.99908707925912,41.99066281474175,41.92094024596261,894.082963864908,14.233165101058793,755.2032521501781,442.065716442856,561.921848677483,671113.3938350858,40.0,0.0282500000000546,1154.6588298411846,149.22995300978184,5172.925740878603,9.22,4.38,1226.1863679729395,
