trial_id,start_idx,rmse,mae,pearson_r,bias,stderr,nrmse,nrmse_bw,y_true_median_abs,y_pred_median_abs
gt_small_016,0,238.25363421242042,204.6670694500208,0.829303782344445,-41.647180542349815,234.5853929133243,0.4016256347179854,0.3238241715425354,593.2231750488281,388.36993408203125
gt_small_016,128,237.60911260929348,203.9876742362976,0.8244613815393669,-18.648142099380493,236.8762064691539,0.658423053350201,0.3229481652861617,360.8760528564453,338.90721130371094
gt_small_016,256,246.81491541100053,214.48187294602394,0.8263122993718109,-60.804408878088,239.2079144391457,0.3804429638132755,0.3354602995732253,648.7566833496094,425.6167755126953
gt_small_016,384,248.33539896498826,220.71847467124462,0.8537218907838464,-29.0855760127306,246.6262347097477,0.9244020976839581,0.33752687592930786,268.64434814453125,340.97731018066406
gt_small_016,512,235.915531138804,213.96513225138187,0.9011097791745382,-81.85319016873837,221.2604643665568,0.3763706000777622,0.32064632162936324,626.8171081542969,426.80584716796875
gt_small_016,640,238.16757124434383,214.91935899853706,0.8957507137671215,-46.77439531683922,233.52932992490184,0.7835178485259476,0.3237071984292815,303.97210693359375,309.5911102294922
gt_small_016,768,233.38506554832318,202.21435099840164,0.8670788035696289,-52.25414162874222,227.4600921120856,0.4134184364455711,0.317207020792828,564.5250549316406,358.9707489013672
gt_small_016,896,238.00847156387218,210.4664341956377,0.8562208440577891,-34.93629793822765,235.43043053637297,0.4330749839097757,0.32349095693356733,549.5779724121094,360.1288299560547
gt_small_016,1024,205.7333854179737,177.07491391897202,0.882899716543468,14.331908404827118,205.23357979876528,1.0390763999940316,0.2796240372653397,197.99639892578125,269.8345031738281
gt_small_016,1152,228.9772369417288,192.68442596495152,0.8215395260989993,-25.661361202597618,227.53476564845735,0.40214379290391844,0.3112160882660262,569.3914489746094,381.66322326660156
gt_small_016,1280,215.54754339573617,186.9154116511345,0.8623855806211098,-5.069687187671661,215.4879155213951,0.5557189435208569,0.29296302194459556,387.8715057373047,352.68695068359375
gt_small_016,1408,240.2420309727539,206.0189825296402,0.838637509490132,-60.806904792785645,232.41934896956138,0.3844653816263451,0.3265267155592985,624.8729858398438,399.58946228027344
gt_small_016,1536,237.8871580141233,202.80037808418274,0.8372184201857614,-29.511222004890442,236.0495450616555,0.7819368660990407,0.3233260727341125,304.22808837890625,314.12109375
gt_small_016,1664,259.2367907400983,218.91664592921734,0.8126309395688236,-94.12376530468464,241.54591794955707,0.3727463619226628,0.3523435823854547,695.4777221679688,399.541748046875
gt_small_016,1792,265.10239771488773,226.16332902014256,0.8074107438178753,-57.996543511748314,258.6806568239543,0.8615969386376985,0.3603158650559126,307.687255859375,310.2100067138672
gt_small_016,1920,233.84185312562767,199.27257710695267,0.8632389444559262,-81.5010302066803,219.1793656995964,0.3542888500591376,0.31782786697333015,660.0316467285156,400.1437530517578
gt_small_016,2048,230.9681877150179,198.85719221830368,0.8847576014041004,-49.39469254016876,225.62461764005704,0.5955527448773119,0.31392210358819966,387.82154846191406,345.90614318847656
gt_small_016,2176,255.98571341657572,228.6753635108471,0.8976409355395205,-94.21294644474983,238.0180795561378,0.3905075590493819,0.3479248568353051,655.5205078125,406.11708068847656
gt_small_016,2304,260.94402774668976,235.5006742477417,0.8911596792763564,-73.7699602842331,250.29937789840366,0.5221034263329662,0.3546639860641383,499.7937469482422,371.1745147705078
gt_small_016,2432,222.56491179581835,196.8177101612091,0.8889254246277217,-34.96572172641754,219.8011334521074,0.4949386601768343,0.30250072958996715,449.6818084716797,363.0687255859375
gt_small_016,2560,227.2455814946453,204.41457399725914,0.8713985150966481,-46.22693279385567,222.4941010303685,0.40542657894983297,0.3088624960851448,560.5098266601562,371.21665954589844
gt_small_016,2688,229.4369362540636,201.06527757644653,0.8646196079243791,-29.694000124931335,227.50730554035366,0.7159101863832102,0.3118408919525159,320.48284912109375,310.1393127441406
gt_small_016,2816,243.78073860724783,207.39683996140957,0.8580341953739706,-92.1441560536623,225.69559814283843,0.372863175206984,0.3313363759527663,653.8074951171875,390.58026123046875
gt_small_016,2944,211.9295408008622,181.32039201259613,0.8848782812585424,-27.92322462797165,210.08194541759215,0.6276224816279282,0.28804558722509305,337.67041015625,305.1512756347656
gt_small_016,3072,241.37455075547487,208.61731949448586,0.8442631164956474,-65.57639214396477,232.2959546479195,0.4004706836608981,0.32806598811481463,602.7271423339844,393.7497863769531
gt_small_016,3200,240.89548656640216,207.23045009374619,0.8426850701947133,-43.034466207027435,237.02040031680787,0.6221684760178063,0.32741486451430807,387.18690490722656,330.6015930175781
gt_small_016,3328,223.45912962412177,191.28711333870888,0.8616681054518365,-55.45314845442772,216.46923785808752,0.3802022546776555,0.3037161122991801,587.7375183105469,393.4668731689453
gt_small_016,3456,222.21458144850953,191.3755538314581,0.8590108431337311,-16.814956679940224,221.57747502891178,0.7039365828828281,0.30202457553314244,315.6741485595703,318.49957275390625
gt_small_016,3584,235.21647263028416,199.02695271372795,0.8209031390165894,-46.01400390267372,230.67184579284475,0.3852505344233964,0.3196961911386805,610.5545654296875,410.6767272949219
gt_small_016,3712,241.49162648967203,208.6611666083336,0.8198121399010889,-26.21086174249649,240.06498368429953,0.6035297575424412,0.3282251124562311,400.13209533691406,336.9542694091797
gt_small_017,0,530.9376774545252,426.0076223015785,0.7150972582391979,-89.38383167982101,523.359673623254,0.6807108494283496,0.7216278320822633,779.975341796875,728.5729675292969
gt_small_017,128,499.18642391637707,398.8179204016924,0.7385783425284409,-79.47104613482952,492.81988459137557,0.8589055438139505,0.6784728833386029,581.18896484375,636.9131164550781
gt_small_017,256,551.2351219575813,450.8486209511757,0.7107904965273473,-156.38555389642715,528.5865285949853,0.5687449796359539,0.749215252405819,969.2131652832031,736.4042053222656
gt_small_017,384,504.7793045168977,416.26488406956196,0.7569137239999766,-71.78272645175457,499.64926343557784,0.6298662710638846,0.6860744879604453,801.4071044921875,777.5213012695312
gt_small_017,512,476.68662864247085,387.08996054530144,0.7736038502000622,-61.78371396660805,472.66575358811144,0.8026116442154834,0.6478921218382206,593.9194030761719,686.7781372070312
gt_small_017,640,544.3906268891953,435.8921312689781,0.6891897163786201,-175.85704797506332,515.2042830977897,0.5588833725973212,0.7399125068150804,974.0683898925781,706.0280456542969
gt_small_017,768,514.2871583329128,409.7502589970827,0.6837575871237784,-142.74008958041668,494.08151964298077,0.5830825138636234,0.6989971570953623,882.0143737792969,668.2470092773438
gt_small_017,896,487.94792402499525,382.5595352053642,0.7062940733729676,-123.25848060846329,472.1234197944386,0.7142287476644179,0.6631979939177646,683.1815795898438,616.8405456542969
gt_small_017,1024,522.2792404348477,422.2703588306904,0.663974177506013,-148.43988844752312,500.7406559356734,0.49729701611570803,0.7098596540059092,1050.2360229492188,713.9083862304688
gt_small_017,1152,466.6998319121292,385.6812534481287,0.7018591701607444,-78.4520016759634,460.0587098836889,0.529050924541405,0.6343184939342564,882.1453857421875,725.1427917480469
gt_small_017,1280,449.0007702673146,363.4557253718376,0.7298909678480218,-104.1544001698494,436.75342314159445,0.6073116541616281,0.6102626846990344,739.3251342773438,630.8905029296875
gt_small_017,1408,546.1243763622589,441.0569824129343,0.6778234532177799,-225.11625967919827,497.5685923419142,0.5195261831943664,0.7422689451067059,1051.197021484375,609.9324340820312
gt_small_017,1536,530.325845147267,408.91020119190216,0.6384571316579445,-176.07997274398804,500.2412870102182,0.6481549473427363,0.7207962557217357,818.2084350585938,601.8685913085938
gt_small_017,1664,499.813506442814,387.8732885569334,0.647676589398061,-158.16881366074085,474.12674213528044,0.6649528989410595,0.6793251871461964,751.6524963378906,580.8733215332031
gt_small_017,1792,526.5423171981007,434.5048585385084,0.6340828288658299,-174.58988781273365,496.7546505810312,0.48895079301366035,0.7156538460048939,1076.8820190429688,679.7003479003906
gt_small_017,1920,462.6016402716278,380.01245403289795,0.6911383570735614,-84.98527693748474,454.7282488320464,0.5067330676667431,0.6287484067572243,912.909912109375,698.4385681152344
gt_small_017,2048,440.5235694589699,356.9233999848366,0.7282006094398572,-105.06714028120041,427.8106021150042,0.5801610224220467,0.5987408351464083,759.3125915527344,616.8375244140625
gt_small_017,2176,532.0750056290326,424.3212623745203,0.6426955553579463,-210.9164485782385,488.4854791437289,0.513686054438649,0.7231736399986851,1035.7980346679688,624.9852294921875
gt_small_017,2304,553.8012906499933,443.5111309289932,0.6017871291193803,-209.98287332057953,512.4481070680541,0.5896577661356983,0.7527030793747785,939.1910400390625,573.9217224121094
gt_small_017,2432,528.0833297256312,420.7953586727381,0.6351948800224486,-186.37527786195278,494.1014662354176,0.7558071992805524,0.7177483244656897,698.7011108398438,520.5888366699219
gt_small_017,2560,547.713728749591,439.1527316123247,0.5878859378815452,-191.27274803817272,513.2300308036411,0.5519853487617409,0.7444291250419178,992.2613525390625,624.4139404296875
gt_small_017,2688,497.3545790875778,395.3238808363676,0.6507411146439814,-111.34508617222309,484.7306975266596,0.5227784461545859,0.6759831180259297,951.3677978515625,710.1869201660156
gt_small_017,2816,434.481259846161,342.97451005876064,0.7534131657838767,-81.0061042457819,426.86294783270745,0.6446749967126951,0.5905283857915882,673.9539489746094,647.4407043457031
gt_small_017,2944,511.6078884419411,400.1191165447235,0.6614040349005469,-180.44957721233368,478.7280873313281,0.5469447809380251,0.6953556078042012,935.3922119140625,603.3924560546875
gt_small_017,3072,551.8772739462567,440.50200340151787,0.6137911462933309,-186.67962899804115,519.3450121215235,0.5795803961831169,0.7500880379833593,952.201416015625,583.5286560058594
gt_small_017,3200,532.5474859800877,425.5804323852062,0.6542416925272345,-150.20241525769234,510.9266672179751,0.8194345542998099,0.7238158151275402,649.8963012695312,553.3686828613281
gt_small_017,3328,526.2217867676162,429.440856307745,0.6798574859052848,-184.00254079699516,493.0034825933309,0.574405308368392,0.7152181947232297,916.1158142089844,647.1980895996094
gt_small_017,3456,511.8314604906154,414.05023650825024,0.7030348423537256,-146.92653389275074,490.28974860404617,0.5280601236720865,0.6956594773912544,969.2673950195312,726.3361206054688
gt_small_017,3584,474.96024260019647,382.4697999507189,0.7507045117681566,-73.41164676845074,469.2525569132061,0.805644186200058,0.6455456916074706,589.5409545898438,633.4365844726562
gt_small_017,3712,507.0678610114425,407.8746602833271,0.7108610658822427,-151.76172563433647,483.8245490911018,0.5884527346757997,0.6891849962778696,861.6968383789062,666.3378295898438
gt_small_018,0,270.81796819004165,217.3191767334938,0.7901123948493071,-32.366351902484894,268.8769070766527,0.3669364644089358,0.3680842245192547,738.0513916015625,531.6940002441406
gt_small_018,128,273.09547725235694,214.74404924362898,0.7673737517697732,29.63368182629347,271.4829361066927,0.6666933825804433,0.37117971763826973,409.6268005371094,436.8358459472656
gt_small_018,256,280.20670333230066,224.97969917953014,0.7365555797026389,45.99961821734905,276.40519480685253,0.4801762084132371,0.3808449926364943,583.5497436523438,490.2771301269531
gt_small_018,384,242.0450124391445,199.92182452231646,0.8296652332879404,-13.839538507163525,241.64903314636777,0.32389282128930236,0.32897725102160313,747.2997131347656,567.9067687988281
gt_small_018,512,254.98296753591598,210.26690538227558,0.8215578501950653,20.651581957936287,254.14528501637923,0.8535735872007302,0.3465619674290397,298.72406005859375,377.77845764160156
gt_small_018,640,247.23358349891183,194.75227074325085,0.8060614059428113,4.299405500292778,247.19619722410266,0.33773511155206254,0.3360293353705903,732.0339965820312,541.2261657714844
gt_small_018,768,246.3648384010855,199.7704936042428,0.8295079254748249,44.73830208927393,242.26868952995525,1.2727014432253667,0.3348485741095284,193.57630157470703,325.8948669433594
gt_small_018,896,283.77794660918494,231.71309800446033,0.7219525710947835,3.576362445950508,283.7554098398489,0.38660249457859686,0.38569887408655784,734.0303039550781,476.3932647705078
gt_small_018,1024,238.47407752446153,191.5051309093833,0.8129814834909938,18.61631216853857,237.74633240575218,0.39713974338680125,0.32412378868428343,600.47900390625,473.1875457763672
gt_small_018,1152,255.86049554593959,212.44321079552174,0.8041445732682893,49.37154312431812,251.0518749392989,0.9287563905304942,0.34775466604952715,275.48719787597656,389.3466033935547
gt_small_018,1280,259.34953990486514,211.37363321334124,0.7767022441761557,-19.313629917800426,258.62940194081466,0.3403609378214838,0.3524968262383488,761.9838562011719,581.2594299316406
gt_small_018,1408,250.22599223778508,212.10187961906195,0.8213468026030514,14.212245248258114,249.82205522408833,0.9234271670967092,0.3400964896198234,270.975341796875,373.5124206542969
gt_small_018,1536,269.8804738648153,229.70196402817965,0.7740388058134111,-48.54878758639097,265.4778435150262,0.3402699062533097,0.3668100222423586,793.136474609375,517.0433654785156
gt_small_018,1664,241.31476695708585,200.9458610713482,0.8228455889875446,0.494852751493454,241.31425957101456,0.4654142625703005,0.32798473252746974,518.4945678710938,437.4030303955078
gt_small_018,1792,259.9484106284765,216.0574258044362,0.7806622020743119,36.42471105605364,257.3837924438018,0.45608761901165223,0.35331078576755215,569.9527893066406,455.40806579589844
gt_small_018,1920,241.95011566963854,202.0346802920103,0.8253042689670776,-8.615560606122017,241.7966719952814,0.31820439920382276,0.32884827138245126,760.3606872558594,556.3297729492188
gt_small_018,2048,239.0618467472172,197.91220815479755,0.8350723278404933,53.48990996181965,233.00085000374227,1.13154684684306,0.3249226595273085,211.26995086669922,373.1057891845703
gt_small_018,2176,232.3363109587292,190.54582819342613,0.8288371863262178,18.515613168478012,231.5973520118626,0.31126896409896115,0.3157815983129177,746.4165649414062,549.4828796386719
gt_small_018,2304,232.2590088624869,193.33532662689686,0.8576799396509305,15.298547580838203,231.7546151421835,0.9804165276202111,0.31567653260276846,236.89830017089844,340.79852294921875
gt_small_018,2432,250.21317616447323,201.31787083297968,0.8137057966853034,-32.658481262624264,248.07268517096463,0.3253141805554006,0.3400790705599364,769.1431579589844,510.34033203125
gt_small_018,2560,219.91428668840786,180.4855070784688,0.8644904648153413,25.178803987801075,218.46812426396474,0.5067795885649189,0.2988981130661337,433.94464111328125,424.35687255859375
gt_small_018,2688,263.9856838952493,218.2304072752595,0.7844943240245874,64.95641008764505,255.8693144755114,0.6890188397599896,0.35879807529085866,383.13275146484375,458.6451416015625
gt_small_018,2816,244.6604436504356,198.68134412914515,0.8185610545594032,22.553674675524235,243.61868656952117,0.3216629490857489,0.33253203350382005,760.6112060546875,608.5898742675781
gt_small_018,2944,237.20651673972185,188.97883739322424,0.8454221426313892,64.14422907680273,228.36910793698567,1.4876022538654117,0.3224009741620413,159.45560455322266,384.11219787597656
gt_small_018,3072,244.38818429756833,186.48085097968578,0.8044958448657764,23.161021277308464,243.28820710764893,0.3230940039488429,0.33216199021076226,756.3996276855469,605.6912536621094
gt_small_018,3200,223.11006511116256,182.98409552127123,0.8634194542986205,34.68343157321215,220.39773303782755,1.134826497106221,0.30324167871038066,196.60279846191406,345.58522033691406
gt_small_018,3328,259.35083847769874,210.78012240678072,0.7979381046531493,-34.51842152327299,257.0434515692377,0.3415523655293728,0.3524985912031244,759.3296508789062,478.08404541015625
gt_small_018,3456,229.60824257220392,182.46882922947407,0.8486805836986189,-17.670959755778313,228.9272422373661,0.385499554080495,0.31207372418920004,595.6122131347656,449.1663513183594
gt_small_018,3584,255.3220472181588,208.06456354260445,0.8063853507273959,-0.9430869519710541,255.3203054648665,0.5646663332366798,0.3470228300620575,452.1644592285156,407.82456970214844
gt_small_018,3712,248.23832546381647,207.5638377815485,0.8483736737546878,-29.489847645163536,246.48045584781102,0.33229171031499255,0.3373949377693734,747.0494079589844,526.8299865722656
gt_small_019,0,248.76369059170105,211.12093438208103,0.7835423064574023,-102.65175341069698,226.59653854044868,0.4561131735874321,0.3381089916299029,545.3990478515625,266.97581481933594
gt_small_019,128,237.2952896337555,197.41076803207397,0.7913466258925167,-74.37274169921875,225.3391882796004,0.5305607559142397,0.322521630491003,447.2537536621094,226.40599822998047
gt_small_019,256,240.5743410377004,207.90800604224205,0.8338966120755226,-104.95037296414375,216.47501652710622,0.4443280587186754,0.32697837721739775,541.4340515136719,347.61383056640625
gt_small_019,384,237.24198632636123,208.45642660558224,0.8422414444651627,-80.2495980411768,223.25716582073443,0.5434115333067432,0.3224491829104468,436.578857421875,296.61102294921875
gt_small_019,512,277.20722304376136,240.64773735404015,0.7918402909862506,-143.53696420788765,237.15181722604876,0.45674477278268144,0.3767682270387514,606.9193115234375,304.3633270263672
gt_small_019,640,280.81252408557623,248.16916286945343,0.8475303377437479,-139.96194285154343,243.44676674076737,0.570718718026099,0.381668398349407,492.03314208984375,247.4712142944336
gt_small_019,768,253.85533317152434,225.06636115908623,0.8614608419171448,-116.93769267201424,225.31778938239913,0.451655563170619,0.3450293349256192,562.0551452636719,273.40846252441406
gt_small_019,896,251.0643134190882,218.4123949110508,0.8645267062572295,-93.11870667338371,233.15701992450167,0.47457612833588736,0.3412358999919649,529.0285339355469,306.2486267089844
gt_small_019,1024,227.0865390889478,195.31971141695976,0.8479126476146869,-66.93514087796211,216.99765701740557,0.5059888159197121,0.3086463324348594,448.79754638671875,274.0591125488281
gt_small_019,1152,237.1701267847505,207.37202410399914,0.8262476565280918,-84.57476605474949,221.5779275692392,0.4451977358530466,0.3223515144882779,532.7298583984375,279.3590850830078
gt_small_019,1280,221.0391881414547,190.0164666622877,0.843866368127624,-56.03107412159443,213.8196469621391,0.6722546827267082,0.30042703111308827,328.80274963378906,240.65930938720703
gt_small_019,1408,258.2204855346652,221.7788020670414,0.7786187774370713,-114.50148889422417,231.44595090596016,0.4504751728167147,0.35096226372363604,573.218017578125,287.177978515625
gt_small_019,1536,247.4624262061675,213.52022875845432,0.8026686672592211,-96.60398279130459,227.8273971512211,0.5346337600944008,0.33634036861184846,462.8634490966797,251.47140502929688
gt_small_019,1664,239.10606569981186,207.5962551534176,0.8410133543404544,-98.25726947188377,217.9844481846638,0.4586203589554283,0.324982760040519,521.3594665527344,286.3501434326172
gt_small_019,1792,233.66224730769878,197.89178666472435,0.8370686242948929,-73.11498901247978,221.92846639984955,0.6527969662471814,0.31758375441073566,357.9401550292969,223.30362701416016
gt_small_019,1920,256.117473015032,216.4805616736412,0.805701610641985,-123.56507271528244,224.33865647380654,0.46127868561236385,0.34810393885835134,555.2337036132812,305.2368621826172
gt_small_019,2048,242.5800504140431,198.06815819442272,0.7918204662768568,-80.92811317741871,228.68257772821826,0.6057193411992513,0.32970445180298075,400.4825897216797,228.5067138671875
gt_small_019,2176,252.22943524567575,210.79348367452621,0.7756519392985405,-117.31589311361313,223.2860703835056,0.46144748142213415,0.34281948385412947,546.6048583984375,306.27879333496094
gt_small_019,2304,261.78374384340407,229.72766591608524,0.7941216022624263,-107.16810165345669,238.84247220430328,0.5086764533176764,0.3558052923457751,514.6370391845703,247.59689331054688
gt_small_019,2432,268.12014572765304,239.9531937688589,0.8402272498000676,-137.83665145933628,229.97710768573324,0.4080086737903736,0.36441745936480197,657.1432495117188,296.5552520751953
gt_small_019,2560,257.75200010640833,223.82879489660263,0.8594785786035553,-92.33662873506546,240.64505096240111,1.0404906334504342,0.35032551832335485,247.72159576416016,210.27069854736328
gt_small_019,2688,241.03745928718357,199.4882510304451,0.8455021800752791,-81.06963020563126,226.9950921010031,0.6275397812562831,0.3276078277773477,384.0990905761719,193.83079528808594
gt_small_019,2816,251.90138525632267,212.29307276010513,0.8032019368041938,-99.42042988538742,231.4516926173992,0.49424947773351596,0.3423736123089673,509.66444396972656,266.11895751953125
gt_small_019,2944,209.1983039861225,176.5497931241989,0.8633694171629518,-50.66166973114014,202.97124330979256,0.762569731061615,0.28433340670896706,274.3333435058594,214.5200653076172
gt_small_019,3072,257.66936508727815,218.0360953360796,0.7872481934307074,-119.81474439799786,228.11823410092293,0.44515108668840214,0.3502132043320124,578.8357543945312,325.0565185546875
gt_small_019,3200,249.36205690683295,215.3759277164936,0.7999528246906911,-90.0239369571209,232.5448907190758,0.5754384052236421,0.33892226558862787,433.3427429199219,233.72151947021484
gt_small_019,3328,250.6987085239534,219.7538040280342,0.8539336186450142,-140.6905193924904,207.49944628516343,0.3887360636243186,0.34073898542161524,644.9072570800781,348.10523986816406
gt_small_019,3456,225.42841450959756,188.19510048627853,0.8732602529798245,-85.9806073307991,208.3873922082089,0.6593900634637262,0.30639268027128447,341.8741455078125,186.16568756103516
gt_small_019,3584,244.2732436675974,210.263045206666,0.8540618328101002,-133.0885503143072,204.83372609784146,0.4132213159077052,0.33200576781188906,591.1438598632812,333.58148193359375
gt_small_019,3712,248.98196160525862,219.2792273759842,0.8547230078801789,-92.34764939546585,231.22268239931523,0.7347745885986625,0.33840565627626046,338.8548889160156,215.5934295654297
gt_small_020,0,423.53739245565816,359.9327406734228,0.763310391079642,-64.12936891615391,418.6542091637847,0.6355557782281233,0.5756539482917542,666.4047546386719,611.3560180664062
gt_small_020,128,439.5569901126218,373.9953336417675,0.7942077841032927,-170.89993861317635,404.9735281952144,0.4417015638908691,0.5974271017500806,995.1447448730469,655.3067932128906
gt_small_020,256,415.84103185853263,347.1662838757038,0.7738186640447786,-114.41423627734184,399.7913784891337,0.46405751075084867,0.5651933834298779,896.0980529785156,630.1028442382812
gt_small_020,384,395.1186884628921,329.7310252189636,0.8128239917306115,-96.06549668312073,383.26257098712534,0.5822309075765577,0.5370284586651609,678.6288452148438,555.7361450195312
gt_small_020,512,447.4488380691508,376.08440504968166,0.7276410224333689,-165.48097313940525,415.72407943041804,0.47188176650500563,0.6081533646879386,948.2223510742188,587.5950317382812
gt_small_020,640,460.24934298274206,391.99830807745457,0.7194297523715516,-144.69411192834377,436.9131168657147,0.45308896653947417,0.6255512646724323,1015.803466796875,604.1460571289062
gt_small_020,768,441.08550093567885,376.2531459182501,0.7515183615818927,-100.80015303194523,429.41326048972354,0.6486279891309815,0.599504588427698,680.0284729003906,554.3999938964844
gt_small_020,896,445.1159289258646,380.15492065250874,0.7463288111446484,-143.25110094249249,421.43482564009724,0.5613139237449245,0.604982574143207,792.9892883300781,564.1353454589844
gt_small_020,1024,434.79121080793914,367.4038759768009,0.8089130498890087,-192.40821823477745,389.9005957312095,0.42960841685551066,0.5909496579108925,1012.0639953613281,624.9734802246094
gt_small_020,1152,415.1446607489411,345.5330964922905,0.8216775792149589,-132.99697118997574,393.26440851244877,0.48043236684677026,0.5642469055371269,864.1063537597656,595.0649719238281
gt_small_020,1280,403.7480922401055,344.5463359206915,0.8162796761000188,-78.54727698862553,396.0338966113846,0.6331639691181168,0.5487571759974251,637.6675109863281,563.68212890625
gt_small_020,1408,440.632499870804,376.4355601966381,0.7430926307009962,-137.667723685503,418.5744829748298,0.5139122859370803,0.5988888887132912,857.4079895019531,592.0691223144531
gt_small_020,1536,469.8388663946403,404.4001596868038,0.702187332447951,-171.43631115555763,437.44502693752906,0.4348246044973111,0.6385849356366161,1080.5250244140625,654.1777038574219
gt_small_020,1664,478.8171656947758,397.6865579634905,0.6839549647533018,-132.85291557013988,460.0173703116999,0.5306551522072759,0.6507878568736334,902.313232421875,604.416748046875
gt_small_020,1792,481.0267232906347,392.4938226044178,0.6901223589838648,-133.8542227447033,462.0278731560859,0.6819453804792195,0.6537909932594423,705.374267578125,549.4597473144531
gt_small_020,1920,458.60699641122466,379.56230014562607,0.7586354652340365,-182.3676283955574,420.78786255155325,0.4888578349115654,0.6233190573037373,938.1193542480469,588.401123046875
gt_small_020,2048,417.13686325488794,345.48347617685795,0.7955064700862159,-143.24377463757992,391.77083060598744,0.4240188622639763,0.5669546221609079,983.7695922851562,646.2172241210938
gt_small_020,2176,374.78381361689657,309.5267656594515,0.8353215177386637,-91.17127959430218,363.52538388173423,0.5465029293540291,0.5093901646169169,685.7855529785156,580.3996276855469
gt_small_020,2304,397.4698021297649,324.4874065220356,0.7732436480441289,-159.96272227168083,363.8600982362693,0.4567450443895667,0.540223992021427,870.2224731445312,598.5145263671875
gt_small_020,2432,440.34261413011996,356.0300350189209,0.7709702681939511,-196.6957564353943,393.97004609393315,0.44200414937691906,0.5984948883861637,996.2409057617188,572.9532775878906
gt_small_020,2560,443.3424607009172,357.6006164252758,0.8063951749137218,-126.97062686085701,424.7717002990022,0.6498133281867563,0.6025721518191195,682.2612609863281,546.1543884277344
gt_small_020,2688,448.025391176708,361.92391307651997,0.7804231497275979,-140.35260479152203,425.47373299332725,0.5473738236943817,0.6089369910658621,818.4998474121094,621.1681823730469
gt_small_020,2816,435.11502492601426,360.4300620406866,0.7959219276752519,-170.87663270533085,400.15779551528607,0.4048886674058835,0.5913897722405902,1074.6535034179688,667.9368286132812
gt_small_020,2944,395.57830838733,330.65118458867073,0.8021560753848651,-98.64151188731194,383.0823021220986,0.4950094491031682,0.5376531544510093,799.1328430175781,640.6867065429688
gt_small_020,3072,445.56197808700415,354.8769444525242,0.7115627554215253,-106.3627835214138,432.6805225548994,0.5796460175049815,0.605588825126747,768.679443359375,616.4348754882812
gt_small_020,3200,509.28798612293815,412.1753803640604,0.7003816623088112,-206.60869728028774,465.4966154735182,0.5175690755313087,0.6922024955799363,984.0000305175781,604.3113098144531
gt_small_020,3328,488.5263231906682,395.8247569948435,0.7521403991917528,-181.95098362863064,453.3782173933448,0.5453708486800848,0.6639841293790938,895.76904296875,586.2909240722656
gt_small_020,3456,421.8044868402653,345.54973889887333,0.8168473740686256,-101.83448837697506,409.3272066398461,0.6904972723473733,0.5732986569354609,610.87060546875,572.4106140136719
gt_small_020,3584,397.5653540210631,327.85030494630337,0.8153497973115926,-139.5476926714182,372.2695961100996,0.464646046199807,0.5403538620741598,855.6305541992188,597.5833129882812
gt_small_020,3712,432.3944224750132,361.2965907752514,0.7931593708520165,-178.6714349091053,393.7530380010058,0.4216657519972946,0.5876920454978093,1025.4435424804688,585.49267578125
gt_small_021,0,267.6303305647239,215.60011244565248,0.8096958577450579,-70.6183674260974,258.145385432814,0.727813964920731,0.3637517234994549,367.7180480957031,287.91778564453125
gt_small_021,128,281.41439016415603,234.3236931115389,0.7584501914120316,-83.34155814349651,268.7903340480793,0.4810052989079978,0.3824864290372491,585.0546569824219,336.31117248535156
gt_small_021,256,263.1241799989889,225.02860890328884,0.8013995962051962,-94.56257654726505,245.54480897971135,0.34702806346143644,0.3576271559619285,758.2216186523438,442.05747985839844
gt_small_021,384,305.9955003174636,255.4730603992939,0.7190140316375948,-88.9832509458065,292.7716298852239,0.6923161303012583,0.4158960248963148,441.9881134033203,248.48735809326172
gt_small_021,512,310.9423453065131,259.0970805436373,0.7339179595144029,-132.44878785312176,281.32269851711857,0.40551830180358833,0.42261956548625634,766.777587890625,349.0294647216797
gt_small_021,640,269.38400626325125,222.54477509856224,0.8217086786325056,-83.728998452425,256.0413983101037,0.7418227777086582,0.3661352446663286,363.13795471191406,234.9915008544922
gt_small_021,768,317.41846059123196,276.8845139592886,0.7173026233215508,-150.3505981117487,279.5517425657492,0.39620060829480286,0.4314216249965776,801.1559143066406,345.1517333984375
gt_small_021,896,249.7739366786376,211.14697686582804,0.8127071575627766,-74.69700749963522,238.342980837581,0.5206246392723257,0.33948207499644933,479.75819396972656,318.9463806152344
gt_small_021,1024,293.39028042678774,241.0621523335576,0.7297479975145422,-99.94317357987165,275.84274270622535,0.47759090332403503,0.3987635479806833,614.3129577636719,327.4436340332031
gt_small_021,1152,307.2645783817237,261.57917964458466,0.700178013409726,-106.22331726551056,288.3194894508679,0.39551036665356953,0.4176209016401274,776.8812255859375,428.9588165283203
gt_small_021,1280,254.24395153755214,224.12112674862146,0.7883678270979098,-27.69972302764654,252.73051307196926,1.0405737241336734,0.3455575284234484,244.33055114746094,280.9276428222656
gt_small_021,1408,269.7211828777352,241.2486674785614,0.7716174740725376,-96.01040494441986,252.0545945531904,0.3379039072114011,0.36659352073086676,798.2185974121094,447.33934020996094
gt_small_021,1536,267.5448697307107,228.60803981870413,0.7781146224452519,-59.83594695478678,260.76793662420783,0.6841600722384084,0.36363556878112224,391.0559539794922,260.6334533691406
gt_small_021,1664,306.9284373763091,262.63701742887497,0.7124056011533431,-120.70912009477615,282.19563071778384,0.3964786945619141,0.417164033131239,774.1360168457031,368.55958557128906
gt_small_021,1792,263.5541484508291,227.69812708348036,0.7533544001463595,-64.21946031600237,255.61034815195384,0.429102697066546,0.3582115507316739,614.1983032226562,368.90711975097656
gt_small_021,1920,281.2819974962568,250.96400873363018,0.6925719021350899,-42.28420539200306,278.08561287821254,0.5214945781589047,0.38230648657323385,539.3766479492188,383.37098693847656
gt_small_021,2048,282.1123522198217,252.21282421797514,0.716744662511194,-71.99241472035646,272.77183046959397,0.36620684601609893,0.38343506927600635,770.3634033203125,444.12916564941406
gt_small_021,2176,236.974795556052,212.98672076314688,0.8115765229384266,1.7376430854201317,236.9684247433407,1.7740043673249202,0.32208602861848723,133.58185577392578,303.9086151123047
gt_small_021,2304,259.19716170880525,230.35007948428392,0.8078562049726592,-90.26930575817823,242.97041193494542,0.3391924401049084,0.35228972029739075,764.1596069335938,463.52056884765625
gt_small_021,2432,225.28449409827422,190.22693560272455,0.8663546147701513,-59.6458186134696,217.24520616815562,0.4902383977114712,0.3061970697903829,459.5406951904297,353.8500061035156
gt_small_021,2560,296.91882505126324,246.7134005203843,0.7343782638267216,-122.02682384103537,270.68476671784026,0.39733339368480153,0.40355939524466633,747.27880859375,361.51329040527344
gt_small_021,2688,290.72466810024486,245.77287865430117,0.7365364731955286,-96.58415209501982,274.2122065227652,0.3763580305461471,0.3951405614682227,772.4683532714844,398.3071594238281
gt_small_021,2816,218.06351086839328,193.43013180792332,0.8561384105094061,3.6306811720132828,218.03328398773675,1.1886737503363556,0.29638261755812884,183.45110321044922,312.38954162597656
gt_small_021,2944,242.22147396717978,216.06322706490755,0.8085847083469323,-71.46296595782042,231.43959675765197,0.3244447660534093,0.3292170899995648,746.5722961425781,470.93177795410156
gt_small_021,3072,269.1253582712728,227.70708972215652,0.7761446792699573,-52.33333092927933,263.9880318091854,0.705256981682205,0.36578370135409144,381.5989990234375,293.835693359375
gt_small_021,3200,289.1579627857967,242.36177445948124,0.7802230245288746,-106.10080693662167,268.98874736655796,0.3807615934386048,0.3930111624679534,759.4199829101562,428.9847106933594
gt_small_021,3328,284.7384371943868,238.96110978722572,0.7391052272832936,-68.65080127120018,276.3386420693348,0.627048659701361,0.3870043318985889,454.0930480957031,293.7672576904297
gt_small_021,3456,320.1895059928216,280.7633059769869,0.6353091821643564,-106.98647801578045,301.786701611761,0.43865628857032163,0.4351879116450174,729.9325561523438,325.7911834716797
gt_small_021,3584,279.77837128937296,243.54401487112045,0.7540253844744252,-97.914246737957,262.0853626723032,0.35686084811443386,0.3802628220039048,783.9985046386719,429.3460388183594
gt_small_021,3712,261.70628537895067,223.82046447694302,0.7905775581821263,-48.21820820868015,257.2259399904939,0.7601640492868216,0.35570001410662677,344.27606201171875,263.80638122558594
